image_name,door_or_face,image_type,gender,type,pct_endorsed_child,pct_endorsed_singledoor,general_dprime,highconfidence_treshold_dprime,highconfidence_subset_dprime,age_group,age_rating,ISSUES_lookingforwardsmiling,ISSUES_lookfake,ISSUES_standout,ISSUES_duplicate,ISSUES_SUM
14_W_M_027.jpg,face,boys_white,boys,white,0.954545455,NA,0.209438882,-1.988909588,-0.05311771,non_child,13,0,0,0,0,0
15_W_M_008.jpg,face,boys_white,boys,white,0.818181818,NA,0.646395725,-1.267594389,0.651112923,non_child,14,0,0,3,0,3
17_W_M_023.jpg,face,boys_white,boys,white,0.25,NA,0.095417068,-1.015736694,0.600855511,non_child,16,0,0,0,0,0
AD_001.jpg,door,double_orange,double,orange,NA,0.0625,-0.38550004,-2.02619199,-0.214005908,NA,NA,NA,NA,NA,NA,NA
AD_002.jpg,door,double_blue,double,blue,NA,0,-0.046493704,-1.509698572,0.982455376,NA,NA,NA,NA,NA,NA,NA
AD_003.jpg,door,single_brown,single,brown,NA,0.625,0.515909182,-0.60892178,0.457851931,NA,NA,NA,NA,NA,NA,NA
AD_004.jpg,door,single_brown,single,brown,NA,0.954545455,0.298318908,-1.859451884,-0.08389021,NA,NA,NA,NA,NA,NA,NA
AD_005.jpg,door,single_green,single,green,NA,0.947368421,-0.234039274,-1.455014446,0.258892294,NA,NA,NA,NA,NA,NA,NA
AD_006.jpg,door,single_green,single,green,NA,1,-0.056972712,-2.063261654,0.286190565,NA,NA,NA,NA,NA,NA,NA
AD_008_cropped.jpg,door,single_black,single,black,NA,1,0.621089263,-0.929018353,1.187363904,NA,NA,NA,NA,NA,NA,NA
AD_009.jpg,door,single_blue,single,blue,NA,1,0.45376219,-1.31101651,0.657262441,NA,NA,NA,NA,NA,NA,NA
AD_010_cropped.jpg,door,double_brown,double,brown,NA,0,0.132104849,-1.859451884,0.043780013,NA,NA,NA,NA,NA,NA,NA
AD_012.jpg,door,double_blue,double,blue,NA,0,0.111342377,-1.259549862,0.402490786,NA,NA,NA,NA,NA,NA,NA
AD_013.jpg,door,single_white,single,white,NA,1,0.17190726,-2.007603701,-0.223349441,NA,NA,NA,NA,NA,NA,NA
AD_014.jpg,door,double_yellow,double,yellow,NA,0,-0.145120941,-2.527753762,-0.661572969,NA,NA,NA,NA,NA,NA,NA
AD_015.jpg,door,double_white,double,white,NA,0.111111111,0.452350523,-1.664885813,0.379027404,NA,NA,NA,NA,NA,NA,NA
AD_016.jpg,door,double_blue,double,blue,NA,0,0.168942928,-1.717280224,0.521040202,NA,NA,NA,NA,NA,NA,NA
AD_018.jpg,door,single_brown,single,brown,NA,0.952380952,0.176647787,-1.468570473,0.059745872,NA,NA,NA,NA,NA,NA,NA
AD_019.jpg,door,double_brown,double,brown,NA,0.047619048,-1.139168656,-1.854250868,-0.077785166,NA,NA,NA,NA,NA,NA,NA
AD_020.jpg,door,double_brown,double,brown,NA,0.055555556,0.609281192,-0.319239306,1.114851119,NA,NA,NA,NA,NA,NA,NA
AD_021.jpg,door,double_white,double,white,NA,0.090909091,0.261625786,-1.385333504,1.251904397,NA,NA,NA,NA,NA,NA,NA
AD_024.jpg,door,single_yellow,single,yellow,NA,1,0.047768961,-1.329157714,0.25965912,NA,NA,NA,NA,NA,NA,NA
AD_028.jpg,door,single_yellow,single,yellow,NA,1,0.673485106,-0.817483042,0.615141105,NA,NA,NA,NA,NA,NA,NA
AD_029.jpg,door,single_brown,single,brown,NA,1,0.492089573,-1.909587003,-0.472999244,NA,NA,NA,NA,NA,NA,NA
AD_030.jpg,door,double_brown,double,brown,NA,0.05,0.502829253,-2.000423569,-0.232644747,NA,NA,NA,NA,NA,NA,NA
AD_031.jpg,door,single_red,single,red,NA,1,0.318639364,-1.206159239,0.318639364,NA,NA,NA,NA,NA,NA,NA
AD_032.jpg,door,single_brown,single,brown,NA,1,-0.597760126,-2.669066488,-1.201845218,NA,NA,NA,NA,NA,NA,NA
AD_033.jpg,door,single_green,single,green,NA,0.857142857,0.087217248,-1.792916057,-0.385320466,NA,NA,NA,NA,NA,NA,NA
AD_034.jpg,door,single_green,single,green,NA,0.833333333,0.05224518,-1.154140684,0.737537449,NA,NA,NA,NA,NA,NA,NA
AD_036.jpg,door,single_brown,single,brown,NA,1,-0.895500663,-2.466660031,-1.044457244,NA,NA,NA,NA,NA,NA,NA
AD_037.jpg,door,single_blue,single,blue,NA,0.965517241,0.572967548,-2.065562877,-0.184614425,NA,NA,NA,NA,NA,NA,NA
AD_038.jpg,door,single_red,single,red,NA,0.882352941,0.09602493,-2.56223697,-1.251904397,NA,NA,NA,NA,NA,NA,NA
AD_039.jpg,door,single_brown,single,brown,NA,0.947368421,0.385990855,-0.975137942,0.007317992,NA,NA,NA,NA,NA,NA,NA
AD_040.jpg,door,double_black,double,black,NA,0.136363636,0.522123524,-1.370072296,0.507347764,NA,NA,NA,NA,NA,NA,NA
AD_041_cropped.jpg,door,single_purple,single,purple,NA,0.869565217,0.458969432,-0.895500663,0.70395983,NA,NA,NA,NA,NA,NA,NA
AD_042.jpg,door,double_brown,double,brown,NA,0.142857143,0.047768961,-1.311973911,0.294748269,NA,NA,NA,NA,NA,NA,NA
AD_044_cropped.jpg,door,single_blue,single,blue,NA,0.933333333,-0.237202109,-1.530393711,0.103455945,NA,NA,NA,NA,NA,NA,NA
AD_045.jpg,door,double_brown,double,brown,NA,0.047619048,-0.619891518,-2.518271503,-1.079913326,NA,NA,NA,NA,NA,NA,NA
AD_046.jpg,door,double_green,double,green,NA,0,0.432917011,-1.688474915,0.422313812,NA,NA,NA,NA,NA,NA,NA
AD_047.jpg,door,double_white,double,white,NA,0.043478261,0.635287931,-0.641089536,0.842383755,NA,NA,NA,NA,NA,NA,NA
AD_048.jpg,door,double_blue,double,blue,NA,0.052631579,0.282429694,-1.31101651,0.066681102,NA,NA,NA,NA,NA,NA,NA
AD_049.jpg,door,double_blue,double,blue,NA,0,-0.033204211,-1.378847911,-0.183384142,NA,NA,NA,NA,NA,NA,NA
AD_050.jpg,door,single_red,single,red,NA,0.958333333,0.271578399,-1.446682964,0.1565548,NA,NA,NA,NA,NA,NA,NA
AD_051.jpg,door,double_green,double,green,NA,0,-0.18801033,-1.369821929,0.76424283,NA,NA,NA,NA,NA,NA,NA
AD_052.jpg,door,double_black,double,black,NA,0.071428571,0.212670181,-2.339082453,-0.443021053,NA,NA,NA,NA,NA,NA,NA
AD_053.jpg,door,double_brown,double,brown,NA,0,-0.241782558,-2.250618045,-0.47585963,NA,NA,NA,NA,NA,NA,NA
AD_054.jpg,door,double_blue,double,blue,NA,0,0.296478712,-1.504940672,1.079913326,NA,NA,NA,NA,NA,NA,NA
AD_056.jpg,door,single_blue,single,blue,NA,0.9375,0.044795552,-1.733739962,0.08389021,NA,NA,NA,NA,NA,NA,NA
AD_057.jpg,door,double_brown,double,brown,NA,0,-0.694483835,-1.875217115,0,NA,NA,NA,NA,NA,NA,NA
AD_059.jpg,door,single_yellow,single,yellow,NA,1,0.86163412,-0.455924138,1.820724211,NA,NA,NA,NA,NA,NA,NA
AD_060.jpg,door,double_blue,double,blue,NA,0.130434783,0.609281192,-2.202078488,0.179619834,NA,NA,NA,NA,NA,NA,NA
AD_061.jpg,door,single_yellow,single,yellow,NA,0.954545455,0.388037435,-1.772536569,-0.288574795,NA,NA,NA,NA,NA,NA,NA
AD_064_cropped.jpg,door,double_green,double,green,NA,0,0.263613184,-1.41624136,0.450228184,NA,NA,NA,NA,NA,NA,NA
AD_065.jpg,door,single_green,single,green,NA,1,0.427839846,-1.612669347,0.67448975,NA,NA,NA,NA,NA,NA,NA
AD_066_cropped.jpg,door,single_gray,single,gray,NA,0.96,0.002866169,-1.18678898,0.192978017,NA,NA,NA,NA,NA,NA,NA
AD_067_cropped.jpg,door,double_blue,double,blue,NA,0.055555556,0.474599918,-1.32679211,0.746766482,NA,NA,NA,NA,NA,NA,NA
AD_069.jpg,door,single_blue,single,blue,NA,1,0.021924424,-1.904089851,0.469333764,NA,NA,NA,NA,NA,NA,NA
AD_070.jpg,door,double_blue,double,blue,NA,0.105263158,0.120757092,-1.345793637,0.392273603,NA,NA,NA,NA,NA,NA,NA
AD_071.jpg,door,single_yellow,single,yellow,NA,0.95,-0.291395203,-2.174835616,-0.223458082,NA,NA,NA,NA,NA,NA,NA
AD_072_cropped.jpg,door,double_brown,double,brown,NA,0,0.132208559,-1.280681273,0.282216147,NA,NA,NA,NA,NA,NA,NA
AD_073.jpg,door,double_blue,double,blue,NA,0.055555556,0.61029461,-0.641089536,0.867161647,NA,NA,NA,NA,NA,NA,NA
AD_076.jpg,door,double_gray,double,gray,NA,0.047619048,0.412787484,-1.329157714,0.385320466,NA,NA,NA,NA,NA,NA,NA
AD_077_cropped.jpg,door,double_pink,double,pink,NA,0.043478261,0.670871229,-0.780819662,1.133179061,NA,NA,NA,NA,NA,NA,NA
AD_078.jpg,door,single_brown,single,brown,NA,1,-0.625509376,-2.17235098,-0.784243024,NA,NA,NA,NA,NA,NA,NA
AD_079.jpg,door,single_brown,single,brown,NA,1,-0.264755028,-1.772536569,0.14928683,NA,NA,NA,NA,NA,NA,NA
AD_081.jpg,door,single_blue,single,blue,NA,0.047619048,0.409983322,-1.522233467,0,NA,NA,NA,NA,NA,NA,NA
AD_082.jpg,door,single_green,single,green,NA,0.962962963,0.044776177,-1.795707666,0.361943639,NA,NA,NA,NA,NA,NA,NA
AD_083.jpg,door,single_blue,single,blue,NA,1,-0.062648439,-1.792916057,-0.282972031,NA,NA,NA,NA,NA,NA,NA
AD_084.jpg,door,single_red,single,red,NA,1,0.062706778,-1.455014446,0.052332029,NA,NA,NA,NA,NA,NA,NA
AD_087.jpg,door,double_green,double,green,NA,0.047619048,-0.678612211,-2.978953569,-0.540272249,NA,NA,NA,NA,NA,NA,NA
AD_088_cropped.jpg,door,double_green,double,green,NA,0.05,0.208391216,-2.28110865,-0.212656809,NA,NA,NA,NA,NA,NA,NA
AD_089_cropped.jpg,door,double_blue,double,blue,NA,0.037037037,0.391113257,-1.795707666,0.244794782,NA,NA,NA,NA,NA,NA,NA
AD_091_cropped.jpg,door,double_blue,double,blue,NA,0.04,-0.409628857,-1.495281839,0,NA,NA,NA,NA,NA,NA,NA
AD_092.jpg,door,double_blue,double,blue,NA,0.133333333,-0.014559436,-1.204623675,0.887146559,NA,NA,NA,NA,NA,NA,NA
AD_093.jpg,door,double_brown,double,brown,NA,0,0.512402503,-1.370072296,1.055397829,NA,NA,NA,NA,NA,NA,NA
AD_094.jpg,door,single_green,single,green,NA,0.96,-0.145120941,-2.152796769,-0.665977261,NA,NA,NA,NA,NA,NA,NA
AD_095_cropped.jpg,door,double_blue,double,blue,NA,0.166666667,0.355490418,-1.198890263,1.124732251,NA,NA,NA,NA,NA,NA,NA
AD_096_cropped.jpg,door,double_brown,double,brown,NA,0.214285714,0.659090307,-0.991526475,0.737537449,NA,NA,NA,NA,NA,NA,NA
AD_097.jpg,door,double_blue,double,blue,NA,0.086956522,1.148040602,-0.741594044,1.379019709,NA,NA,NA,NA,NA,NA,NA
AD_099.jpg,door,double_brown,double,brown,NA,0,0.196115353,-1.378676851,0.289169284,NA,NA,NA,NA,NA,NA,NA
AD_100.jpg,door,double_brown,double,brown,NA,0.055555556,-0.354479071,-2.00610494,-0.440312512,NA,NA,NA,NA,NA,NA,NA
AD_101.jpg,door,single_brown,single,brown,NA,0.95,0.651023716,-1.322695062,0.955562155,NA,NA,NA,NA,NA,NA,NA
AD_102_cropped.jpg,door,single_red,single,red,NA,1,0.342778209,-1.185758629,0.432046565,NA,NA,NA,NA,NA,NA,NA
AD_104.jpg,door,double_blue,double,blue,NA,0,0.472596271,-1.071123171,1.016131879,NA,NA,NA,NA,NA,NA,NA
AD_105_cropped.jpg,door,double_brown,double,brown,NA,0.05,-0.168942928,-1.364307529,0.418899283,NA,NA,NA,NA,NA,NA,NA
AD_106.jpg,door,double_brown,double,brown,NA,0.115384615,0.466719679,-1.292206316,1.201845218,NA,NA,NA,NA,NA,NA,NA
AD_107.jpg,door,double_blue,double,blue,NA,0,0.100032832,-2.233612423,-0.368430231,NA,NA,NA,NA,NA,NA,NA
AD_108.jpg,door,single_green,single,green,NA,0.84,0.300438374,-1.850225927,-0.589455798,NA,NA,NA,NA,NA,NA,NA
AD_109_cropped.jpg,door,double_red,double,red,NA,0.230769231,0.589006186,-0.560660628,1.355072753,NA,NA,NA,NA,NA,NA,NA
AD_111_cropped.jpg,door,double_blue,double,blue,NA,0.052631579,0.098916448,-1.455014446,0.987268831,NA,NA,NA,NA,NA,NA,NA
AD_113.jpg,door,double_purple,double,purple,NA,0.176470588,0.724828923,-0.369008962,0.689599612,NA,NA,NA,NA,NA,NA,NA
AD_115.jpg,door,double_green,double,green,NA,0.125,0.60892178,-1.317835156,0.746766482,NA,NA,NA,NA,NA,NA,NA
AD_117.jpg,door,single_gray,single,gray,NA,1,-0.157310685,-1.860552425,0.071787753,NA,NA,NA,NA,NA,NA,NA
AD_118.jpg,door,single_brown,single,brown,NA,1,-0.492089573,-2.152796769,-0.185713339,NA,NA,NA,NA,NA,NA,NA
AD_120.jpg,door,single_red,single,red,NA,0.954545455,0.079917945,-2.383843942,-0.576534751,NA,NA,NA,NA,NA,NA,NA
BD_121.jpg,door,single_blue,single,blue,NA,0.954545455,1.31101651,-1.509698572,1.465233793,NA,NA,NA,NA,NA,NA,NA
BD_122.jpg,door,single_red,single,red,NA,1,0.208391216,-1.311973911,0.384142956,NA,NA,NA,NA,NA,NA,NA
BD_123.jpg,door,single_brown,single,brown,NA,1,0.041789298,-1.981880078,-0.289169284,NA,NA,NA,NA,NA,NA,NA
BD_124.jpg,door,double_blue,double,blue,NA,0.04,-0.146302338,-1.800127723,0,NA,NA,NA,NA,NA,NA,NA
BD_125.jpg,door,double_blue,double,blue,NA,0,0.048223074,-1.378676851,0.685205419,NA,NA,NA,NA,NA,NA,NA
BD_126.jpg,door,single_brown,single,brown,NA,1,0.458969432,-1.953907359,-0.157310685,NA,NA,NA,NA,NA,NA,NA
BD_127.jpg,door,double_blue,double,blue,NA,0,-0.062648439,-1.311973911,0.687005152,NA,NA,NA,NA,NA,NA,NA
BD_130.jpg,door,single_brown,single,brown,NA,0.961538462,0.667868211,-1.102962018,0.753090381,NA,NA,NA,NA,NA,NA,NA
BD_132_cropped.jpg,door,double_grey,double,grey,NA,0,-0.056999674,-1.875217115,0,NA,NA,NA,NA,NA,NA,NA
BD_133.jpg,door,double_red,double,red,NA,0,0.412787484,-0.907183893,0.702673239,NA,NA,NA,NA,NA,NA,NA
BD_135.jpg,door,single_yellow,single,yellow,NA,1,-0.03060449,-2.110149712,-0.358710773,NA,NA,NA,NA,NA,NA,NA
BD_136.jpg,door,single_gray,single,gray,NA,0.818181818,0.562962672,-1.385333504,0.517179066,NA,NA,NA,NA,NA,NA,NA
BD_140.jpg,door,single_blue,single,blue,NA,0.947368421,0.234039274,-1.345793637,0.494632445,NA,NA,NA,NA,NA,NA,NA
BD_141.jpg,door,single_blue,single,blue,NA,1,-0.089440906,-2.55785123,-1.00376302,NA,NA,NA,NA,NA,NA,NA
BD_142.jpg,door,single_green,single,green,NA,0.9,-0.052098977,-0.998201172,0.677560259,NA,NA,NA,NA,NA,NA,NA
BD_143.jpg,door,single_blue,single,blue,NA,0.181818182,0.062706778,-1.509698572,0.204135331,NA,NA,NA,NA,NA,NA,NA
BD_144.jpg,door,single_pink,single,pink,NA,0.916666667,0.660971206,-1.063527599,0.869423773,NA,NA,NA,NA,NA,NA,NA
BD_145.jpg,door,single_grey,single,grey,NA,0.8,0.251083837,-1.497556881,0.395725296,NA,NA,NA,NA,NA,NA,NA
BD_146.jpg,door,single_blue,single,blue,NA,0.863636364,0.189118426,-2.410708197,-1.146594429,NA,NA,NA,NA,NA,NA,NA
BD_147.jpg,door,single_yellow,single,yellow,NA,1,0.319239306,-2.443558384,-0.578087234,NA,NA,NA,NA,NA,NA,NA
BD_149_cropped.jpg,door,single_white,single,white,NA,0.95,0.657167219,-0.654915712,0.941886737,NA,NA,NA,NA,NA,NA,NA
BD_150.jpg,door,double_brown,double,brown,NA,0.045454545,0.318639364,-0.769383577,0.666817263,NA,NA,NA,NA,NA,NA,NA
BD_151.jpg,door,single_brown,single,brown,NA,1,0.147015913,-0.893748645,0.318999332,NA,NA,NA,NA,NA,NA,NA
BD_152.jpg,door,single_brown,single,brown,NA,1,0.594085433,-1.633827334,0.509422461,NA,NA,NA,NA,NA,NA,NA
BD_153.jpg,door,double_brown,double,brown,NA,0,0.37518284,-1.496823181,0.523889952,NA,NA,NA,NA,NA,NA,NA
BD_154.jpg,door,double_brown,double,brown,NA,0,0.290775966,-1.154140684,0.242905003,NA,NA,NA,NA,NA,NA,NA
BD_155.jpg,door,single_brown,single,brown,NA,0.9375,0.347529984,-1.850225927,0.86278811,NA,NA,NA,NA,NA,NA,NA
BD_156.jpg,door,single_brown,single,brown,NA,0.952380952,0.043876965,-2.005255609,0,NA,NA,NA,NA,NA,NA,NA
BD_157.jpg,door,single_blue,single,blue,NA,1,0.057813949,-1.695964895,-0.327930856,NA,NA,NA,NA,NA,NA,NA
BD_158.jpg,door,single_brown,single,brown,NA,1,0.422409928,-0.771809281,0.937879148,NA,NA,NA,NA,NA,NA,NA
BD_159.jpg,door,double_blue,double,blue,NA,0.222222222,-0.553008237,-2.248327965,-0.91897944,NA,NA,NA,NA,NA,NA,NA
BD_160.jpg,door,double_brown,double,brown,NA,0.08,-0.196115353,-2.12457476,-0.746766482,NA,NA,NA,NA,NA,NA,NA
BD_161.jpg,door,double_brown,double,brown,NA,0,-0.271578399,-1.637041983,0.100679387,NA,NA,NA,NA,NA,NA,NA
BD_162.jpg,door,single_white,single,white,NA,1,-0.107101285,-2.753331632,-1.37680986,NA,NA,NA,NA,NA,NA,NA
BD_163.jpg,door,single_blue,single,blue,NA,1,0.36062856,-1.292206316,0.784243024,NA,NA,NA,NA,NA,NA,NA
BD_164_cropped.jpg,door,double_brown,double,brown,NA,0.05,0.291395203,-1.171690321,0.782513103,NA,NA,NA,NA,NA,NA,NA
BD_166.jpg,door,double_brown,double,brown,NA,0.047619048,0.290335209,-1.504940672,0.432145113,NA,NA,NA,NA,NA,NA,NA
BD_167.jpg,door,double_brown,double,brown,NA,0.045454545,-0.157016138,-1.048504339,0.368155665,NA,NA,NA,NA,NA,NA,NA
BD_168.jpg,door,double_brown,double,brown,NA,0.045454545,0.143886672,-2.1796869,-0.338131579,NA,NA,NA,NA,NA,NA,NA
BD_169.jpg,door,single_purple,single,purple,NA,1,0.444427852,-1.378676851,0.472789121,NA,NA,NA,NA,NA,NA,NA
BD_170.jpg,door,double_brown,double,brown,NA,0.041666667,0.202034735,-1.688474915,0.137728051,NA,NA,NA,NA,NA,NA,NA
BD_171.jpg,door,double_green,double,green,NA,0,0.287854988,-2.219986613,-0.721902743,NA,NA,NA,NA,NA,NA,NA
BD_172.jpg,door,double_brown,double,brown,NA,0.206896552,0.743762426,-0.579348609,1.193888673,NA,NA,NA,NA,NA,NA,NA
BD_173.jpg,door,double_blue,double,blue,NA,0.083333333,0.713030326,-1.584887606,0.358710773,NA,NA,NA,NA,NA,NA,NA
BD_174.jpg,door,double_pink,double,pink,NA,0,0.098916448,-1.175893684,0.088755246,NA,NA,NA,NA,NA,NA,NA
BD_175.jpg,door,double_green,double,green,NA,0.076923077,0.143123532,-1.600227044,1.543913523,NA,NA,NA,NA,NA,NA,NA
BD_176.jpg,door,double_red,double,red,NA,0,-0.17190726,-1.175893684,1.534120544,NA,NA,NA,NA,NA,NA,NA
BD_177.jpg,door,single_purple,single,purple,NA,0.666666667,0.641089536,-0.873906896,0.643225139,NA,NA,NA,NA,NA,NA,NA
BD_179_cropped.jpg,door,single_brown,single,brown,NA,0.958333333,0.132208559,-1.386034633,0.392273603,NA,NA,NA,NA,NA,NA,NA
BD_181_cropped.jpg,door,single_red,single,red,NA,0.941176471,0.150089237,-1.910264012,0.497812227,NA,NA,NA,NA,NA,NA,NA
BD_183.jpg,door,double_green,double,green,NA,0.181818182,0.256469917,-2.069164466,0.225387837,NA,NA,NA,NA,NA,NA,NA
BD_185_cropped.jpg,door,double_blue,double,blue,NA,0,0.225707954,-1.19312952,1.23946234,NA,NA,NA,NA,NA,NA,NA
BD_186_cropped.jpg,door,single_yellow,single,yellow,NA,1,-0.8537738,-2.366876474,-1.236635006,NA,NA,NA,NA,NA,NA,NA
BD_187_cropped.jpg,door,double_blue,double,blue,NA,0.0625,-0.044795552,-1.925627832,-0.090740592,NA,NA,NA,NA,NA,NA,NA
BD_192.jpg,door,double_red,double,red,NA,0.052631579,0.120757092,-2.110149712,-0.608027151,NA,NA,NA,NA,NA,NA,NA
BD_194.jpg,door,single_blue,single,blue,NA,1,0.043876965,-1.20162193,0.841760219,NA,NA,NA,NA,NA,NA,NA
BD_195.jpg,door,single_red,single,red,NA,1,0.095417068,-1.850225927,-0.637986362,NA,NA,NA,NA,NA,NA,NA
BD_197.jpg,door,single_blue,single,blue,NA,0.95,-0.047768961,-1.635685333,0.318849487,NA,NA,NA,NA,NA,NA,NA
BD_198.jpg,door,single_blue,single,blue,NA,1,-0.843039877,-1.878262671,-0.150089237,NA,NA,NA,NA,NA,NA,NA
BD_200.jpg,door,single_blue,single,blue,NA,1,-0.10620289,-1.786282989,0.069011823,NA,NA,NA,NA,NA,NA,NA
BD_202_cropped.jpg,door,single_green,single,green,NA,0.086956522,0.929018353,-1.493053791,1.066497959,NA,NA,NA,NA,NA,NA,NA
BD_203_cropped.jpg,door,single_yellow,single,yellow,NA,1,0.318639364,-1.507259519,0.602183612,NA,NA,NA,NA,NA,NA,NA
BD_205.jpg,door,single_red,single,red,NA,1,0.241782558,-0.873808185,1.69062163,NA,NA,NA,NA,NA,NA,NA
BD_207.jpg,door,double_blue,double,blue,NA,0.086956522,0.356463559,-1.276269066,0.661572969,NA,NA,NA,NA,NA,NA,NA
BD_208_cropped.jpg,door,double_white,double,white,NA,0.130434783,0.289623537,-1.786282989,0.073368845,NA,NA,NA,NA,NA,NA,NA
BD_209.jpg,door,single_blue,single,blue,NA,1,0.052098977,-2.126954203,-0.604930412,NA,NA,NA,NA,NA,NA,NA
BD_210.jpg,door,single_red,single,red,NA,0.966666667,-0.042588629,-2.060955743,-0.083171863,NA,NA,NA,NA,NA,NA,NA
BD_212.jpg,door,single_yellow,single,yellow,NA,1,0.145120941,-1.762867863,0.128675217,NA,NA,NA,NA,NA,NA,NA
BD_216.jpg,door,single_black,single,black,NA,0.269230769,0.07999815,-1.492238384,0.547656978,NA,NA,NA,NA,NA,NA,NA
BD_218.jpg,door,double_brown,double,brown,NA,0.035714286,-0.084098711,-1.799990695,-0.366106357,NA,NA,NA,NA,NA,NA,NA
BD_219.jpg,door,single_brown,single,brown,NA,1,0.078412413,-0.991705863,0.488776411,NA,NA,NA,NA,NA,NA,NA
BD_220_cropped.jpg,door,single_blue,single,blue,NA,0.95,0.169161242,-1.495401743,1.307923108,NA,NA,NA,NA,NA,NA,NA
BD_221_cropped.jpg,door,double_brown,double,brown,NA,0,-0.494205614,-2.344980082,0.311667252,NA,NA,NA,NA,NA,NA,NA
BD_222.jpg,door,single_brown,single,brown,NA,1,1.008048666,-0.442576337,0.684627377,NA,NA,NA,NA,NA,NA,NA
BD_223.jpg,door,double_brown,double,brown,NA,0,-0.264755028,-2.007603701,-0.59054791,NA,NA,NA,NA,NA,NA,NA
BD_224.jpg,door,double_blue,double,blue,NA,0.076923077,0.176185719,-1.443426177,0,NA,NA,NA,NA,NA,NA,NA
BD_225.jpg,door,double_red,double,red,NA,0,0.17190726,-1.31101651,0.385320466,NA,NA,NA,NA,NA,NA,NA
BD_226.jpg,door,single_blue,single,blue,NA,1,-0.082052159,-1.80111467,0.566698978,NA,NA,NA,NA,NA,NA,NA
BD_227.jpg,door,single_blue,single,blue,NA,1,-1.03579475,-2.344980082,-1.069508497,NA,NA,NA,NA,NA,NA,NA
BD_228.jpg,door,single_brown,single,brown,NA,1,0.264755028,-1.175893684,0.242905003,NA,NA,NA,NA,NA,NA,NA
BD_229.jpg,door,double_brown,double,brown,NA,0,1.170787784,-0.120757092,0.811929289,NA,NA,NA,NA,NA,NA,NA
BD_230.jpg,door,double_brown,double,brown,NA,0,0.189118426,-1.172869407,1.169362706,NA,NA,NA,NA,NA,NA,NA
BD_231.jpg,door,single_yellow,single,yellow,NA,1,-0.189118426,-2.817218305,-1.435908133,NA,NA,NA,NA,NA,NA,NA
BD_232.jpg,door,single_red,single,red,NA,0.96,-0.002866169,-1.695804703,0.137728051,NA,NA,NA,NA,NA,NA,NA
BD_233_cropped.jpg,door,double_blue,double,blue,NA,0.047619048,0.296478712,-1.875217115,-0.117148858,NA,NA,NA,NA,NA,NA,NA
BD_234.jpg,door,double_red,double,red,NA,0.166666667,-0.221782286,-1.664885813,-0.377965768,NA,NA,NA,NA,NA,NA,NA
BD_235.jpg,door,double_brown,double,brown,NA,0,0.506408262,-1.383105358,1.055397829,NA,NA,NA,NA,NA,NA,NA
BD_236.jpg,door,double_brown,double,brown,NA,0,0.120757092,-1.552133926,0.085033952,NA,NA,NA,NA,NA,NA,NA
BD_237.jpg,door,double_green,double,green,NA,0.035714286,0.176185719,-1.111311334,0.475950049,NA,NA,NA,NA,NA,NA,NA
BD_238.jpg,door,single_red,single,red,NA,0.944444444,0.559186816,-1.80111467,0.566698978,NA,NA,NA,NA,NA,NA,NA
BD_239.jpg,door,double_white,double,white,NA,0.142857143,-0.32829392,-1.448454444,-0.402609745,NA,NA,NA,NA,NA,NA,NA
BD_240.jpg,door,single_brown,single,brown,NA,1,1.088420125,-1.088420125,0.905169279,NA,NA,NA,NA,NA,NA,NA
edited_DD_AB_06.jpg,door,double_brown,double,brown,NA,0.071428571,0.385471004,-1.332221302,0.395913312,NA,NA,NA,NA,NA,NA,NA
edited_DD_AB_07.jpg,door,double_brown,double,brown,NA,0.041666667,-0.210428394,-2.155187341,-0.302862197,NA,NA,NA,NA,NA,NA,NA
edited_DD_AB_08.jpg,door,double_brown,double,brown,NA,0.1,0.440200896,-1.635685333,0.406318141,NA,NA,NA,NA,NA,NA,NA
edited_DD_AB_09.jpg,door,double_brown,double,brown,NA,0.15,-0.290335209,-1.78983978,-0.548522283,NA,NA,NA,NA,NA,NA,NA
edited_DD_EN_02.jpg,door,double_black,double,black,NA,0,-1.085324908,-2.829870913,-1.435908133,NA,NA,NA,NA,NA,NA,NA
edited_DD_EN_03.jpg,door,double_blue,double,blue,NA,0.047619048,0.169161242,-1.522233467,0.803475071,NA,NA,NA,NA,NA,NA,NA
edited_DD_EN_06.jpg,door,double_blue,double,blue,NA,0.058823529,0.09602493,-1.790039625,0.635135532,NA,NA,NA,NA,NA,NA,NA
edited_DD_EN_09.jpg,door,double_red,double,red,NA,0.111111111,0.887146559,-0.929018353,0.395725296,NA,NA,NA,NA,NA,NA,NA
edited_DD_KD_02.jpg,door,double_brown,double,brown,NA,0.12,0.596412593,-0.973006681,0.686556455,NA,NA,NA,NA,NA,NA,NA
edited_DD_KD_03.jpg,door,double_green,double,green,NA,0.227272727,-0.079917945,-2.014640752,0,NA,NA,NA,NA,NA,NA,NA
edited_DD_KD_06.jpg,door,double_blue,double,blue,NA,0.045454545,0.120757092,-2.296785791,-0.67448975,NA,NA,NA,NA,NA,NA,NA
edited_DD_KD_07.jpg,door,double_red,double,red,NA,0.136363636,0.513450991,-1.206159239,0.192978017,NA,NA,NA,NA,NA,NA,NA
edited_DD_KD_12.jpg,door,double_black,double,black,NA,0.095238095,0.654915712,-1.066534885,0.842383755,NA,NA,NA,NA,NA,NA,NA
edited_DD_TA_02.jpg,door,double_yellow,double,yellow,NA,0.3125,0.347529984,-1.733739962,0.208795672,NA,NA,NA,NA,NA,NA,NA
edited_DD_TA_05.jpg,door,double_brown,double,brown,NA,0,-0.0307488,-2.463313468,-1.272467025,NA,NA,NA,NA,NA,NA,NA
edited_DD_TA_06.jpg,door,double_blue,double,blue,NA,0.090909091,0.385990855,-1.370072296,1.27874727,NA,NA,NA,NA,NA,NA,NA
edited_DD_TA_08.jpg,door,double_brown,double,brown,NA,0.095238095,0.654915712,-0.926293516,0.83073843,NA,NA,NA,NA,NA,NA,NA
edited_DD_TA_11.jpg,door,double_blue,double,blue,NA,0.047619048,0.17728918,-1.139168656,0.814587415,NA,NA,NA,NA,NA,NA,NA
edited_SD_AB_01.jpg,door,single_blue,single,blue,NA,1,0.409983322,-1.377404888,0.67448975,NA,NA,NA,NA,NA,NA,NA
edited_SD_AB_02.jpg,door,single_brown,single,brown,NA,1,-0.667868211,-1.407596811,0.157310685,NA,NA,NA,NA,NA,NA,NA
edited_SD_AB_03.jpg,door,single_brown,single,brown,NA,1,-0.444427852,-1.800127723,-0.338624276,NA,NA,NA,NA,NA,NA,NA
edited_SD_AB_04.jpg,door,single_black,single,black,NA,0.95,0.18404072,-1.704614621,-0.289169284,NA,NA,NA,NA,NA,NA,NA
edited_SD_AB_05.jpg,door,single_black,single,black,NA,0.961538462,0.07999815,-1.600227044,0.898983022,NA,NA,NA,NA,NA,NA,NA
edited_SD_EN_01.jpg,door,single_white,single,white,NA,0.863636364,0.427839846,-1.859451884,-0.104633456,NA,NA,NA,NA,NA,NA,NA
edited_SD_EN_04.jpg,door,single_brown,single,brown,NA,1,-0.646214545,-2.410708197,-0.967421566,NA,NA,NA,NA,NA,NA,NA
edited_SD_EN_07.jpg,door,single_blue,single,blue,NA,0.315789474,0.53836228,-1.306862629,0.687005152,NA,NA,NA,NA,NA,NA,NA
edited_SD_EN_08.jpg,door,single_black,single,black,NA,1,-0.0307488,-1.90739464,-0.472999244,NA,NA,NA,NA,NA,NA,NA
edited_SD_EN_10.jpg,door,single_brown,single,brown,NA,1,-0.731270511,-2.331843172,-0.418899283,NA,NA,NA,NA,NA,NA,NA
edited_SD_IT_01.jpg,door,single_red,single,red,NA,0.947368421,-0.092564982,-2.472848391,-0.127985025,NA,NA,NA,NA,NA,NA,NA
edited_SD_IT_07.jpg,door,single_green,single,green,NA,0.95,-0.176647787,-2.63790773,-0.999335418,NA,NA,NA,NA,NA,NA,NA
edited_SD_IT_09.jpg,door,single_green,single,green,NA,1,0.458969432,-1.293870811,0.887146559,NA,NA,NA,NA,NA,NA,NA
edited_SD_IT_10.jpg,door,single_green,single,green,NA,1,0.170118641,-1.125793482,0.242905003,NA,NA,NA,NA,NA,NA,NA
edited_SD_KD_01.jpg,door,single_black,single,black,NA,0.95,0.529849749,-0.945142604,0.615141105,NA,NA,NA,NA,NA,NA,NA
edited_SD_KD_04.jpg,door,single_blue,single,blue,NA,0.947368421,0.282429694,-1.455014446,0.791638608,NA,NA,NA,NA,NA,NA,NA
edited_SD_KD_08.jpg,door,single_green,single,green,NA,1,0.637816059,-1.483354479,0.446977592,NA,NA,NA,NA,NA,NA,NA
edited_SD_KD_09.jpg,door,single_black,single,black,NA,0.954545455,0.298318908,-1.46451753,0.646087096,NA,NA,NA,NA,NA,NA,NA
edited_SD_KD_11.jpg,door,single_black,single,black,NA,1,0.559186816,-1.008588169,0.472789121,NA,NA,NA,NA,NA,NA,NA
edited_SD_TA_03.jpg,door,single_black,single,black,NA,1,0.77984412,-0.432917011,0.701529769,NA,NA,NA,NA,NA,NA,NA
edited_SD_TA_04.jpg,door,single_red,single,red,NA,1,1.056745592,-0.929018353,2.130852722,NA,NA,NA,NA,NA,NA,NA
edited_SD_TA_07.jpg,door,single_blue,single,blue,NA,1,0.42430481,-1.205273911,0.242905003,NA,NA,NA,NA,NA,NA,NA
edited_SD_TA_10.jpg,door,single_blue,single,blue,NA,0.730769231,0.190999805,-1.58051572,0.506515833,NA,NA,NA,NA,NA,NA,NA
edited_SD_TA_12.jpg,door,single_yellow,single,yellow,NA,1,0.344561708,-0.893748645,1.081174701,NA,NA,NA,NA,NA,NA,NA
generated_photos_5e6801396d3b380006d3ae8b.png.jpg,face,boys_white,boys,white,1,NA,-0.218685221,-2.264177305,-0.566698978,child,11,1,1,0,0,2
generated_photos_5e6802006d3b380006d3dd17.png.jpg,face,girls_latino,girls,latino,0.958333333,NA,-0.09602493,-1.688474915,0.853215019,child,11,0,0,1,0,1
generated_photos_5e6802786d3b380006d3f945.png.jpg,face,boys_latino,boys,latino,0.391304348,NA,0.37409541,-1.388211319,1.148800078,non_child,15,1,1,1,0,3
generated_photos_5e6802a56d3b380006d403b9.png.jpg,face,girls_latino,girls,latino,0.95,NA,0.003017978,-1.83102895,-0.069011823,child,10,0,0,2,0,2
generated_photos_5e6803be6d3b380006d4449f.png.jpg,face,girls_asian,girls,asian,0.88,NA,0.767953547,-0.710381538,1.941987988,child,10,0,1,2,0,3
generated_photos_5e6805206d3b380006d493a7.png.jpg,face,boys_asian,boys,asian,0.95,NA,-0.040318536,-1.239241566,0.651112923,child,10,0,2,0,0,2
generated_photos_5e68053f6d3b380006d49a5d.png.jpg,face,boys_asian,boys,asian,0.523809524,NA,0.825494491,-2.139723543,0.286190565,non_child,14,0,0,0,0,0
generated_photos_5e6805836d3b380006d4a95d.png.jpg,face,boys_latino,boys,latino,0.826086957,NA,0.42430481,-1.786581467,0.08389021,non_child,14,0,0,0,0,0
generated_photos_5e6806d06d3b380006d4f239.png.jpg,face,girls_white,girls,white,0.636363636,NA,0.694483835,-0.786009926,0.933842749,non_child,14,0,1,1,0,2
generated_photos_5e68072a6d3b380006d505eb.png.jpg,face,girls_white,girls,white,1,NA,-0.150089237,-1.688474915,-0.224215588,child,11,0,1,1,0,2
generated_photos_5e6807ff6d3b380006d53439.png.jpg,face,boys_asian,boys,asian,0.454545455,NA,0.53836228,-1.028871471,0.615204584,non_child,15,0,2,1,0,3
generated_photos_5e6808b66d3b380006d55e75.png.jpg,face,boys_latino,boys,latino,0.037037037,NA,-0.109987183,-1.795707666,-0.395913312,non_child,16,0,0,2,0,2
generated_photos_5e6808ef6d3b380006d56c07.png.jpg,face,boys_white,boys,white,0.888888889,NA,0.63018197,-1.813084504,0.462171151,child,10,0,0,0,0,0
generated_photos_5e68099e6d3b380006d594e3.png.jpg,face,boys_asian,boys,asian,0.807692308,NA,0.37518284,-1.595106418,0.345023261,child,10,0,0,1,0,1
generated_photos_5e6809c36d3b380006d59d93.png.jpg,face,girls_latino,girls,latino,0.047619048,NA,1.351508207,-0.168942928,0.967421566,non_child,16,0,0,2,0,2
generated_photos_5e6809d16d3b380006d5a0e7.png.jpg,face,boys_latino,boys,latino,0.894736842,NA,-0.014365734,-1.687256752,0.790744042,child,9,0,0,0,0,0
generated_photos_5e680a5b6d3b380006d5c0a5.png.jpg,face,boys_white,boys,white,0.913043478,NA,-0.066146532,-1.90096399,-0.292931816,child,10,1,0,0,0,1
generated_photos_5e680bad6d3b380006d60e37.png.jpg,face,girls_white,girls,white,0.954545455,NA,0.512402503,-1.659254387,-0.503713815,child,10,0,1,2,0,3
generated_photos_5e680bd96d3b380006d61843.png.jpg,face,girls_white,girls,white,0.882352941,NA,0.251083837,-1.93268689,0.533692971,child,10,0,1,0,0,1
generated_photos_5e680c7b6d3b380006d63dc5.png.jpg,face,boys_latino,boys,latino,0.142857143,NA,0.169161242,-1.717280224,0.875777995,non_child,17,0,0,0,0,0
generated_photos_5e680c986d3b380006d6446f.png.jpg,face,girls_asian,girls,asian,0.875,NA,-0.095417068,-2.12457476,-1.026734458,child,10,0,0,1,0,1
generated_photos_5e680d216d3b380006d663ef.png.jpg,face,boys_white,boys,white,0.909090909,NA,0.043876965,-1.008014028,1.020966444,child,12,0,1,0,0,1
generated_photos_5e680d6a6d3b380006d6749d.png.jpg,face,girls_white,girls,white,0.913043478,NA,0.142577275,-0.991167436,0.053423541,child,10,0,2,0,0,2
generated_photos_5e680e016d3b380006d6974d.png.jpg,face,boys_white,boys,white,0.863636364,NA,-0.37803721,-1.890275684,-0.361943639,child,10,0,0,2,0,2
generated_photos_5e680f676d3b380006d6ea5b.png.jpg,face,girls_asian,girls,asian,0.166666667,NA,0.313972118,-0.515909182,0.782347115,non_child,18,1,0,2,0,3
generated_photos_5e6810f36d3b380006d746ab.png.jpg,face,boys_asian,boys,asian,0.380952381,NA,0.288809355,-1.641911316,0,non_child,15,0,0,0,0,0
generated_photos_5e6811d56d3b380006d77b0b.png.jpg,face,girls_white,girls,white,0.882352941,NA,0.071019455,-1.873751876,-0.263202821,child,11,0,1,1,1,3
generated_photos_5e6812f36d3b380006d7bbcb.png.jpg,face,boys_white,boys,white,0.842105263,NA,0.597760126,-1.624914399,0.103455945,child,9,0,0,1,0,1
generated_photos_5e68141e6d3b380006d80065.png.jpg,face,girls_white,girls,white,0.95,NA,-0.037005589,-1.448454444,0.288574795,non_child,13,0,2,1,0,3
generated_photos_5e68144e6d3b380006d80bc3.png.jpg,face,boys_asian,boys,asian,1,NA,-0.360717011,-2.000423569,-0.442869438,child,9,0,1,0,0,1
generated_photos_5e6814a06d3b380006d81edb.png.jpg,face,boys_latino,boys,latino,1,NA,-0.292931816,-2.152499486,0.2618595,child,8,0,0,2,1,3
generated_photos_5e6814b76d3b380006d8240b.png.jpg,face,NA_NA,NA,NA,0.80952381,NA,-0.7785595,-2.967845135,-1.068818305,NA,NA,NA,NA,NA,NA,NA
generated_photos_5e6815f56d3b380006d86e17.png.jpg,face,boys_latino,boys,latino,0.916666667,NA,0.477981758,-1.607734792,0.601315209,child,11,1,1,1,0,3
generated_photos_5e6817be6d3b380006d8d793.png.jpg,face,girls_latino,girls,latino,0.904761905,NA,1.248429648,-1.923752722,0.138445578,child,9,0,0,2,0,2
generated_photos_5e6818536d3b380006d8fa99.png.jpg,face,girls_white,girls,white,0.047619048,NA,0.298040068,-1.171690321,-0.089394687,non_child,17,0,1,2,0,3
generated_photos_5e68186e6d3b380006d9008b.png.jpg,face,boys_white,boys,white,0.958333333,NA,0.134857346,-1.914505825,-0.402986835,child,10,0,2,1,0,3
generated_photos_5e6819fe6d3b380006d956bf.png.jpg,face,girls_white,girls,white,0.857142857,NA,-0.408457468,-2.967845135,-1.540304812,child,12,0,2,1,0,3
generated_photos_5e681b016d3b380006d98d3b.png.jpg,face,boys_white,boys,white,0.789473684,NA,0.098916448,-1.831254688,0.20218281,child,12,0,0,0,0,0
generated_photos_5e681bdd6d3b380006d9bb41.png.jpg,face,boys_white,boys,white,0.916666667,NA,0.132208559,-0.962067841,0.938341685,non_child,13,0,0,0,0,0
generated_photos_5e681c096d3b380006d9c46b.png.jpg,face,girls_asian,girls,asian,0.8,NA,1.151833465,-1.08695288,1.402539746,child,11,0,1,2,0,3
generated_photos_5e681dd96d3b380006da2779.png.jpg,face,girls_asian,girls,asian,0.888888889,NA,0.319239306,-1.953907359,0.05311771,child,9,0,0,2,0,2
generated_photos_5e681f986d3b380006da87a7.png.jpg,face,girls_asian,girls,asian,0.9,NA,0.168942928,-0.809231251,0.463707751,child,12,0,0,3,0,3
generated_photos_5e6822586d3b380006db21ff.png.jpg,face,girls_white,girls,white,0.590909091,NA,0.930765224,-0.904506403,1.352742033,non_child,13,0,1,2,0,3
generated_photos_5e6823a96d3b380006db6be7.png.jpg,face,girls_white,girls,white,0.5,NA,0.344561708,-1.643691794,0.210428394,non_child,15,0,1,1,1,3
generated_photos_5e68248a6d3b380006db9be3.png.jpg,face,boys_asian,boys,asian,0.909090909,NA,0.256469917,-1.154312207,0.548281279,child,10,0,1,0,0,1
generated_photos_5e6824906d3b380006db9d3b.png.jpg,face,boys_latino,boys,latino,0.913043478,NA,1.054472452,-2.095242195,-0.131202185,child,9,0,0,0,0,0
generated_photos_5e6824996d3b380006db9f27.png.jpg,face,boys_white,boys,white,0.384615385,NA,0.249332486,-1.698336539,1.120453114,non_child,16,0,1,0,0,1
generated_photos_5e6824c66d3b380006dba8f1.jpg,face,girls_black,girls,black,0.904761905,NA,0.181559945,-1.369821929,0.533284694,child,11,0,2,1,0,3
generated_photos_5e6827086d3b380006dc2553.png.jpg,face,girls_white,girls,white,0.791666667,NA,0.095052394,-1.063527599,0.484103307,child,12,0,1,1,0,2
generated_photos_5e6827556d3b380006dc35b5.png.jpg,face,boys_white,boys,white,0.875,NA,-0.290775966,-2.202078488,-1.3041588,child,11,0,1,1,0,2
generated_photos_5e6828386d3b380006dc6787.png.jpg,face,boys_latino,boys,latino,0.304347826,NA,0.107101285,-1.383105358,0.126364693,non_child,16,0,0,0,0,0
generated_photos_5e6828a66d3b380006dc8071.png.jpg,face,boys_latino,boys,latino,0.583333333,NA,-0.672861779,-2.219986613,-1.129511067,non_child,15,0,1,2,0,3
generated_photos_5e682a136d3b380006dcd199.png.jpg,face,girls_white,girls,white,1,NA,-0.180827533,-0.873808185,0.754624085,child,10,0,0,0,0,0
generated_photos_5e682b816d3b380006dd1667.png.jpg,face,girls_latino,girls,latino,0.176470588,NA,-0.0307488,-0.767953547,0.519770878,non_child,15,0,1,1,1,3
generated_photos_5e682c446d3b380006dd4049.png.jpg,face,boys_white,boys,white,0.7,NA,-0.18801033,-1.855576399,0.566698978,non_child,14,0,1,0,1,2
generated_photos_5e682c4d6d3b380006dd4223.png.jpg,face,girls_latino,girls,latino,0.826086957,NA,0.477981758,-1.066713201,1.179369241,child,11,0,0,2,0,2
generated_photos_5e682c6d6d3b380006dd48bb.png.jpg,face,boys_latino,boys,latino,0.571428571,NA,-0.563914079,-1.869567147,-0.194934023,non_child,14,0,1,0,0,1
generated_photos_5e682d146d3b380006dd6c2f.png.jpg,face,boys_white,boys,white,0.952380952,NA,-0.291395203,-2.174835616,-0.157310685,non_child,14,0,1,1,1,3
generated_photos_5e682d726d3b380006dd8067.png.jpg,face,boys_asian,boys,asian,0.25,NA,-0.348674806,-1.641911316,-0.653155738,non_child,16,0,0,0,0,0
generated_photos_5e682e496d3b380006ddaf59.png.jpg,face,girls_white,girls,white,0.941176471,NA,-0.313972118,-1.150004261,-0.380696465,child,10,0,0,0,0,0
generated_photos_5e682ecf6d3b380006ddcccd.png.jpg,face,boys_asian,boys,asian,0.9,NA,-0.290335209,-1.704614621,0.717375198,child,10,0,0,0,0,0
generated_photos_5e682f816d3b380006ddf441.png.jpg,face,boys_white,boys,white,0.714285714,NA,0.176185719,-1.478206497,0.444605633,non_child,13,0,0,0,0,0
generated_photos_5e68305a6d3b380006de235f.png.jpg,face,boys_asian,boys,asian,0.875,NA,0.113749468,-2.369208741,-0.793538329,child,11,0,0,0,1,1
generated_photos_5e68306f6d3b380006de27f1.png.jpg,face,boys_latino,boys,latino,0.894736842,NA,0.801892969,-1.258161561,0.896995032,child,11,0,0,0,0,0
generated_photos_5e6830796d3b380006de2a4b.png.jpg,face,girls_white,girls,white,1,NA,0.052098977,-1.02442124,0.587207626,non_child,13,0,0,1,0,1
generated_photos_5e6832506d3b380006de91bb.png.jpg,face,boys_white,boys,white,0.875,NA,-0.196115353,-1.303782672,-0.040933515,child,10,1,0,1,0,2
generated_photos_5e6832796d3b380006de9a61.png.jpg,face,girls_white,girls,white,0.857142857,NA,0.290335209,-1.58974444,-0.355850386,child,9,0,0,1,0,1
generated_photos_5e6832ad6d3b380006dea597.png.jpg,face,girls_latino,girls,latino,0.833333333,NA,0.012288349,-1.267126419,0.695231007,child,9,0,2,1,0,3
generated_photos_5e6833d76d3b380006dee537.png.jpg,face,boys_latino,boys,latino,0.928571429,NA,-0.467125962,-1.779063167,0.314884412,child,12,0,0,0,0,0
generated_photos_5e6835eb6d3b380006df58c1.png.jpg,face,boys_asian,boys,asian,0.25,NA,0.409628857,-1.404142654,0,non_child,16,0,1,0,0,1
generated_photos_5e68395e6d3b380006e0185f.png.jpg,face,boys_black,boys,black,0.619047619,NA,0.809231251,-1.448454444,0.547656978,non_child,15,0,0,0,0,0
generated_photos_5e683a8c6d3b380006e05a79.png.jpg,face,boys_latino,boys,latino,0.8,NA,-0.030779606,-2.241463963,-0.346560738,child,9,0,0,0,1,1
generated_photos_5e683ef66d3b380006e156bb.png.jpg,face,boys_asian,boys,asian,0.894736842,NA,-0.573392083,-1.956379423,-0.383771164,child,10,0,2,0,0,2
generated_photos_5e6840a26d3b380006e1b867.png.jpg,face,girls_white,girls,white,0.727272727,NA,0.282429694,-1.048504339,0.86278811,non_child,13,0,0,2,0,2
generated_photos_5e6843016d3b380006e241c9.png.jpg,face,boys_white,boys,white,0.944444444,NA,0.63018197,-1.769840006,0.266430603,child,10,0,0,0,0,0
generated_photos_5e6845276d3b380006e2be8f.png.jpg,face,boys_white,boys,white,1,NA,-0.152238845,-1.432158685,-0.029618939,child,9,0,1,2,0,3
generated_photos_5e68453a6d3b380006e2c2dd.png.jpg,face,boys_white,boys,white,0.421052632,NA,0.673485106,-0.769383577,0.993129114,non_child,16,0,1,1,0,2
generated_photos_5e6845e36d3b380006e2e8cb.png.jpg,face,boys_asian,boys,asian,1,NA,-0.169161242,-2.126954203,0,child,11,1,0,0,0,1
generated_photos_5e6849796d3b380006e3b943.png.jpg,face,boys_white,boys,white,0.235294118,NA,0.982621608,-0.06968492,1.1774265,non_child,16,0,0,0,0,0
generated_photos_5e684a3b6d3b380006e3e547.png.jpg,face,boys_white,boys,white,0.166666667,NA,-0.05224518,-1.296516987,-0.276588718,non_child,16,0,0,2,0,2
generated_photos_5e684ada6d3b380006e4090d.png.jpg,face,girls_latino,girls,latino,0.85,NA,0.069293304,-1.730510436,-0.418899283,child,10,0,1,0,0,1
generated_photos_5e684aec6d3b380006e40d01.png.jpg,face,girls_white,girls,white,0.85,NA,-0.040318536,-1.239241566,0.465642448,child,10,0,0,1,0,1
generated_photos_5e684c9a6d3b380006e46d9b.png.jpg,face,girls_asian,girls,asian,0.869565217,NA,0.203570358,-1.729252991,0.297690761,child,9,0,1,1,0,2
generated_photos_5e684cf96d3b380006e482f7.png.jpg,face,boys_latino,boys,latino,0.923076923,NA,0.987951308,-1.838881769,-0.095507951,child,10,0,0,0,0,0
generated_photos_5e684fa56d3b380006e51cb7.png.jpg,face,girls_latino,girls,latino,0.5,NA,0.529631435,-1.58974444,-0.270816434,non_child,15,0,1,1,1,3
generated_photos_5e6851046d3b380006e56c3b.png.jpg,face,girls_white,girls,white,0.894736842,NA,0.344561708,-1.83102895,0,non_child,13,0,1,1,1,3
generated_photos_5e6851526d3b380006e57de1.png.jpg,face,boys_white,boys,white,0.9375,NA,-0.343242598,-2.032296896,-0.358710773,non_child,11,1,0,1,0,2
generated_photos_5e68518f6d3b380006e58c0b.png.jpg,face,boys_white,boys,white,0.263157895,NA,0.142577275,-1.390474413,0.288574795,non_child,15,0,1,0,1,2
generated_photos_5e68534d6d3b380006e5efe1.png.jpg,face,boys_asian,boys,asian,1,NA,-0.255056697,-1.609725421,0.601315209,child,10,0,0,0,0,0
generated_photos_5e6854356d3b380006e62483.png.jpg,face,boys_latino,boys,latino,0.904761905,NA,0.296478712,-1.754043148,0.073368845,child,10,0,0,0,0,0
generated_photos_5e68559e6d3b380006e676b1.png.jpg,face,boys_white,boys,white,0.888888889,NA,0.508488059,-1.290747735,0.289169284,non_child,14,1,2,0,0,3
generated_photos_5e6856006d3b380006e68ced.png.jpg,face,girls_asian,girls,asian,0.956521739,NA,0.851437309,-1.171203561,0.608923904,child,9,0,0,1,0,1
generated_photos_5e6856466d3b380006e69d3f.png.jpg,face,boys_asian,boys,asian,0.941176471,NA,0.262026621,-1.49197996,0.78626195,child,10,0,2,0,0,2
generated_photos_5e6856486d3b380006e69db5.png.jpg,face,girls_latino,girls,latino,0.8125,NA,0.344102463,-0.774025159,1.132341681,child,12,0,2,1,0,3
generated_photos_5e6856636d3b380006e6a3f9.png.jpg,face,girls_latino,girls,latino,1,NA,0.433449356,-1.58974444,1.045344133,child,11,0,1,2,0,3
generated_photos_5e6857546d3b380006e6dae5.png.jpg,face,boys_latino,boys,latino,0.95,NA,-0.32829392,-2.28110865,-0.521040202,child,9,1,0,1,0,2
generated_photos_5e6857bc6d3b380006e6f265.png.jpg,face,boys_latino,boys,latino,0.684210526,NA,-0.91462946,-2.081792979,-0.593818067,non_child,15,0,1,2,0,3
generated_photos_5e68581f6d3b380006e708a5.jpg,face,NA_NA,NA,NA,0.764705882,NA,-0.218288715,-1.584887606,-0.097997793,NA,NA,NA,NA,NA,NA,NA
generated_photos_5e68581f6d3b380006e708a5.png.jpg,face,boys_asian,boys,asian,0.869565217,NA,0.082052159,-1.786282989,-0.043780013,child,10,0,1,1,0,2
generated_photos_5e6858776d3b380006e71c8b.png.jpg,face,boys_white,boys,white,0.913043478,NA,0.40349213,-1.890275684,0.080275007,child,11,0,0,1,1,2
generated_photos_5e68589f6d3b380006e72573.png.jpg,face,boys_white,boys,white,0.818181818,NA,-0.120757092,-2.014640752,-0.377965768,child,12,0,0,1,0,1
generated_photos_5e685c2d6d3b380006e7f0a5.png.jpg,face,boys_asian,boys,asian,0.863636364,NA,0.169161242,-1.256230921,1.311002671,child,11,0,0,1,1,2
generated_photos_5e685d056d3b380006e821ed.png.jpg,face,boys_white,boys,white,0.875,NA,-0.153596939,-1.90739464,0.292931816,non_child,13,0,0,1,0,1
generated_photos_5e685d0b6d3b380006e82345.png.jpg,face,boys_latino,boys,latino,0.055555556,NA,-0.488776411,-2.433555452,-1.249637713,non_child,16,0,0,0,0,0
generated_photos_5e6860706d3b380006e8e8f5.png.jpg,face,boys_latino,boys,latino,0.230769231,NA,-0.095417068,-1.762867863,0.08389021,non_child,16,0,1,1,0,2
generated_photos_5e6860916d3b380006e8f043.png.jpg,face,boys_asian,boys,asian,1,NA,-0.18801033,-1.730510436,-0.060370173,non_child,13,0,0,2,1,3
generated_photos_5e6861156d3b380006e90ddd.png.jpg,face,boys_black,boys,black,0.814814815,NA,0.667868211,-0.963177882,0.570602606,non_child,14,0,0,0,0,0
generated_photos_5e6861cc6d3b380006e936bb.png.jpg,face,girls_white,girls,white,0,NA,0.234039274,-0.769383577,0.791428485,non_child,18,0,1,2,0,3
generated_photos_5e6861d36d3b380006e9382b.png.jpg,face,girls_latino,girls,latino,0.739130435,NA,-0.157310685,-1.609395394,0.125661347,child,12,0,0,1,0,1
generated_photos_5e6862566d3b380006e9552f.png.jpg,face,boys_asian,boys,asian,0.538461538,NA,0.683449913,-0.88449828,0.656670416,non_child,15,1,0,2,0,3
generated_photos_5e6863946d3b380006e99b8d.png.jpg,face,boys_asian,boys,asian,1,NA,-0.459388134,-2.126954203,-0.406741095,child,11,0,1,1,0,2
generated_photos_5e6864f36d3b380006e9e94f.png.jpg,face,girls_latino,girls,latino,0.842105263,NA,-0.318639364,-2.007603701,-0.491767704,non_child,15,0,1,1,1,3
generated_photos_5e6864f96d3b380006e9ea8f.png.jpg,face,girls_asian,girls,asian,0.666666667,NA,-0.05224518,-2.153781623,-0.398739166,child,11,0,2,1,0,3
generated_photos_5e6864ff6d3b380006e9ec05.png.jpg,face,girls_latino,girls,latino,0.952380952,NA,0.501000601,-1.636980882,0.129381996,child,9,0,1,2,0,3
generated_photos_5e68658c6d3b380006ea0c7b.png.jpg,face,girls_black,girls,black,0.944444444,NA,0.227721089,-1.054472452,0.320381801,child,11,0,0,1,1,2
generated_photos_5e6865cf6d3b380006ea1bbd.png.jpg,face,boys_white,boys,white,0.869565217,NA,0.620152434,-0.951680088,1.574353712,non_child,13,0,1,1,1,3
generated_photos_5e6866026d3b380006ea27dd.png.jpg,face,boys_white,boys,white,0.857142857,NA,0.537519106,-1.139168656,0.339428681,non_child,14,0,0,1,0,1
generated_photos_5e6867486d3b380006ea7469.png.jpg,face,girls_latino,girls,latino,0.772727273,NA,0.519984077,-0.930626465,0.332015677,non_child,12,2,1,0,0,3
generated_photos_5e6867aa6d3b380006ea8afb.png.jpg,face,boys_latino,boys,latino,0.545454545,NA,0.264755028,-0.904506403,0.579348609,non_child,15,0,2,1,0,3
generated_photos_5e6867da6d3b380006ea95fd.png.jpg,face,girls_white,girls,white,0.8,NA,0.080067672,-1.525155686,-0.170137047,child,9,0,1,2,0,3
generated_photos_5e68682d6d3b380006eaa8d9.jpg,face,boys_black,boys,black,0.722222222,NA,-0.025096544,-0.922159599,0.28871526,non_child,15,0,1,0,0,1
generated_photos_5e68685e6d3b380006eab441.png.jpg,face,boys_latino,boys,latino,0.52173913,NA,-0.354479071,-2.426707922,-0.497812227,non_child,14,0,0,0,0,0
generated_photos_5e686ba36d3b380006eb71ff.png.jpg,face,boys_asian,boys,asian,0.913043478,NA,-0.147015913,-2.014640752,-0.651112923,child,11,0,0,0,0,0
generated_photos_5e686bd56d3b380006eb7d4f.png.jpg,face,girls_asian,girls,asian,0.578947368,NA,0.45376219,-0.771809281,0.992170106,non_child,14,0,1,1,0,2
generated_photos_5e686f216d3b380006ec3bcb.png.jpg,face,boys_white,boys,white,0.888888889,NA,-0.979197602,-1.666433397,0.275207921,child,10,0,1,0,1,2
generated_photos_5e6871486d3b380006ecb73d.png.jpg,face,boys_black,boys,black,0.916666667,NA,0.09602493,-0.845680168,0.219415809,child,9,0,0,2,0,2
generated_photos_5e68726d6d3b380006ecf8c5.png.jpg,face,girls_latino,girls,latino,0.8,NA,0.580484487,-1.489470042,0.358710773,child,11,0,0,0,1,1
generated_photos_5e6875aa6d3b380006edb253.png.jpg,face,boys_latino,boys,latino,0.909090909,NA,0.395711876,-1.483354479,0.029618939,child,11,0,0,1,0,1
generated_photos_5e6875dc6d3b380006edbd99.png.jpg,face,boys_white,boys,white,0.464285714,NA,-0.176185719,-1.465163891,-0.198212352,non_child,14,0,1,0,0,1
generated_photos_5e6876306d3b380006edd057.png.jpg,face,girls_white,girls,white,0.956521739,NA,0.157310685,-1.442069502,0.282216147,non_child,13,0,1,2,0,3
generated_photos_5e6876326d3b380006edd0a7.png.jpg,face,boys_latino,boys,latino,0.8,NA,-0.037005589,-1.448454444,-0.064359207,child,10,0,0,0,0,0
generated_photos_5e6877866d3b380006ee1d49.png.jpg,face,boys_latino,boys,latino,0.842105263,NA,0.209438882,-1.345793637,0.392273603,child,10,1,0,0,0,1
generated_photos_5e6878626d3b380006ee5087.png.jpg,face,boys_asian,boys,asian,0.952380952,NA,0.043876965,-1.754043148,0.223458082,child,10,0,0,1,0,1
generated_photos_5e687af76d3b380006eeea11.png.jpg,face,girls_asian,girls,asian,1,NA,-0.857191673,-2.395237054,-0.886375168,child,11,0,2,1,0,3
generated_photos_5e687bf36d3b380006ef24df.jpg,face,girls_black,girls,black,0.777777778,NA,-0.170118641,-1.589854838,0.523417041,child,10,0,2,1,0,3
generated_photos_5e687dd46d3b380006ef957b.png.jpg,face,boys_latino,boys,latino,0.913043478,NA,-0.109683441,-2.153781623,0.117148858,child,11,0,3,0,0,3
generated_photos_5e687e3f6d3b380006efae57.png.jpg,face,boys_white,boys,white,0.736842105,NA,0.934589291,-1.575096364,0.677432061,non_child,14,0,1,0,0,1
generated_photos_5e687e4d6d3b380006efb195.png.jpg,face,boys_latino,boys,latino,0.545454545,NA,0.635734436,-2.069164466,0.409070064,non_child,15,0,1,2,0,3
generated_photos_5e687e796d3b380006efbbdb.png.jpg,face,girls_asian,girls,asian,0.823529412,NA,-0.313972118,-1.754809091,-0.410315404,child,10,0,0,1,1,2
generated_photos_5e6880416d3b380006f02473.png.jpg,face,girls_white,girls,white,0.8,NA,-0.549011483,-2.163767979,-0.801403472,child,9,0,0,0,0,0
generated_photos_5e68814a6d3b380006f060b7.png.jpg,face,boys_latino,boys,latino,0.444444444,NA,1.09059291,-1.008588169,1.659781891,non_child,14,0,0,2,0,2
generated_photos_5e6881716d3b380006f0695f.png.jpg,face,boys_white,boys,white,0.904761905,NA,-0.077297002,-2.002752899,-0.377965768,child,10,0,0,1,0,1
generated_photos_5e68826c6d3b380006f0a285.png.jpg,face,girls_asian,girls,asian,0.863636364,NA,0.522123524,-1.385333504,0.392273603,child,10,0,0,0,0,0
generated_photos_5e6883586d3b380006f0d83d.png.jpg,face,boys_black,boys,black,0.428571429,NA,0.409983322,-1.58974444,0.478645155,non_child,15,0,1,1,0,2
generated_photos_5e6883c96d3b380006f0f19b.png.jpg,face,boys_asian,boys,asian,0.962962963,NA,0.003894793,-1.326327742,0.757151053,child,10,0,1,1,0,2
generated_photos_5e6883e26d3b380006f0f72b.png.jpg,face,girls_white,girls,white,0.857142857,NA,0.288809355,-1.377404888,0.392273603,child,10,0,2,0,0,2
generated_photos_5e6883ec6d3b380006f0f975.png.jpg,face,girls_latino,girls,latino,0.368421053,NA,-0.062706778,-1.31101651,0.104222771,non_child,15,0,0,1,0,1
generated_photos_5e6886ab6d3b380006f19a21.png.jpg,face,boys_asian,boys,asian,0.136363636,NA,0.388037435,-1.859451884,0.425532251,non_child,17,0,1,0,0,1
generated_photos_5e68889c6d3b380006f20beb.png.jpg,face,boys_white,boys,white,0.952380952,NA,0.298040068,-2.463434965,1.198890263,child,10,1,0,1,0,2
generated_photos_5e6889036d3b380006f222fd.png.jpg,face,boys_latino,boys,latino,0.307692308,NA,-0.172640414,-1.222000308,0.506595745,non_child,15,0,1,0,1,2
generated_photos_5f18030f1f67b00006785cf7.png.jpg,face,girls_asian,girls,asian,0.894736842,NA,0.180827533,-1.80111467,-0.212656809,child,11,0,0,0,0,0
generated_photos_5f180cd81f67b000067ba88b.png.jpg,face,boys_asian,boys,asian,0.863636364,NA,-0.37803721,-2.1796869,-0.548050065,non_child,12,0,1,1,1,3
generated_photos_5f1816291f67b000067ed3f4.png.jpg,face,boys_asian,boys,asian,0.277777778,NA,-0.024997832,-1.293870811,0.463794451,non_child,16,0,1,2,0,3
generated_photos_5f1818a41f67b000067fa177.png.jpg,face,boys_asian,boys,asian,0.1,NA,0.776089679,-1.986670613,-0.501826093,non_child,16,0,2,1,0,3
generated_photos_5f1818e21f67b000067fb5db.png.jpg,face,boys_asian,boys,asian,0.130434783,NA,0.488776411,-1.388211319,0.810110881,non_child,16,0,0,0,0,0
generated_photos_5f181a6f1f67b000068032ce.png.jpg,face,boys_latino,boys,latino,0.913043478,NA,0.046493704,-2.014640752,-0.406318141,child,10,0,0,3,0,3
generated_photos_5f181b5f1f67b0000680790f.png.jpg,face,boys_latino,boys,latino,0.421052632,NA,0.003017978,-2.774501227,0,non_child,16,0,0,0,0,0
generated_photos_5f181bbc1f67b00006809502.png.jpg,face,boys_asian,boys,asian,0.8,NA,-0.037005589,-1.704614621,0.544410816,child,13,0,1,2,0,3
generated_photos_5f181e071f67b0000681457b.png.jpg,face,girls_asian,girls,asian,0.904761905,NA,0.254119502,-1.986670613,-0.377965768,child,11,0,0,1,0,1
generated_photos_5f1822891f67b0000682a430.png.jpg,face,boys_latino,boys,latino,0.761904762,NA,0.409983322,-1.495401743,0.432145113,child,12,0,0,1,0,1
generated_photos_5f1823d71f67b00006830ae1.png.jpg,face,boys_asian,boys,asian,0.047619048,NA,1.008014028,-0.825494491,1.024688034,non_child,17,0,0,0,0,0
generated_photos_5f18258e1f67b00006839049.png.jpg,face,boys_asian,boys,asian,0.176470588,NA,0.369008962,-0.845680168,0.778164198,non_child,16,0,0,1,0,1
generated_photos_5f18265a1f67b0000683ce6b.png.jpg,face,boys_latino,boys,latino,0.8,NA,1.408234118,-1.704614621,0.976457382,child,11,0,0,0,0,0
generated_photos_5f18266d1f67b0000683d3cf.png.jpg,face,boys_asian,boys,asian,0.217391304,NA,0.082052159,-1.786282989,-0.219562971,non_child,16,0,0,0,0,0
generated_photos_5f182ba91f67b0000685658a.png.jpg,face,boys_asian,boys,asian,0.423076923,NA,-0.014559436,-0.959457804,0.237202109,non_child,15,0,0,1,0,1
generated_photos_5f182bcf1f67b0000685714e.png.jpg,face,boys_asian,boys,asian,0.090909091,NA,0.17190726,-1.306862629,0.021027891,non_child,16,0,0,0,0,0
generated_photos_5f182c2b1f67b00006858c78.png.jpg,face,boys_asian,boys,asian,0.904761905,NA,0.296478712,-1.468570473,0.446977592,non_child,13,0,1,0,0,1
generated_photos_5f182dfd1f67b00006861571.png.jpg,face,boys_asian,boys,asian,0.238095238,NA,0.290335209,-1.854250868,0.793538329,non_child,15,0,1,1,1,3
generated_photos_5f182f4c1f67b0000686762e.png.jpg,face,boys_asian,boys,asian,0.16,NA,0.258577852,-1.496823181,0.129184369,non_child,16,0,0,0,0,0
generated_photos_5f182fae1f67b00006869140.png.jpg,face,boys_latino,boys,latino,0.944444444,NA,-0.313972118,-1.910264012,-0.651112923,child,11,0,0,0,0,0
generated_photos_5f182fde1f67b00006869e63.png.jpg,face,girls_asian,girls,asian,0.476190476,NA,-0.208391216,-2.002752899,-0.782513103,non_child,15,0,2,1,0,3
generated_photos_5f1830b61f67b0000686da09.png.jpg,face,girls_asian,girls,asian,0.35,NA,0.409983322,-0.926293516,0.677941443,non_child,15,0,2,0,0,2
generated_photos_5f1833951f67b0000687ab7c.png.jpg,face,boys_asian,boys,asian,0.777777778,NA,-0.107101285,-2.250618045,-0.601315209,non_child,15,0,1,1,0,2
generated_photos_5f1833f01f67b0000687c5ec.png.jpg,face,boys_asian,boys,asian,0.037037037,NA,0.475384621,-0.514156101,1.220647716,non_child,17,0,0,1,0,1
generated_photos_5f896c635bec830008370c6f.jpg,face,boys_black,boys,black,0.058823529,NA,-0.355490418,-1.127683632,0,non_child,17,1,0,2,0,3
generated_photos_5f896cb65bec830008372ce8.png.jpg,face,boys_black,boys,black,0.571428571,NA,-0.171412749,-0.998201172,1.305301163,non_child,15,1,0,2,0,3
generated_photos_5f896d025bec830008374ab2.png.jpg,face,boys_latino,boys,latino,0.2,NA,-0.537853446,-2.126954203,-0.779123206,non_child,16,0,1,0,0,1
generated_photos_5f896ddb5bec830008379dc2.jpg,face,boys_black,boys,black,0.166666667,NA,0.240875338,-2.014939546,0.197543852,non_child,16,0,0,0,1,1
generated_photos_5f896e395bec83000837c1e6.png.jpg,face,girls_black,girls,black,0.222222222,NA,0.05224518,-0.887146559,0.463707751,child,14,0,0,3,0,3
generated_photos_5f896ea85bec83000837ebe9.png.jpg,face,girls_asian,girls,asian,0.055555556,NA,0.742607462,-1.165217553,0.230294802,non_child,17,0,1,0,0,1
generated_photos_5f8971195bec83000838d307.png.jpg,face,boys_black,boys,black,0.777777778,NA,-0.332223616,-2.443558384,-0.127985025,non_child,14,0,1,1,1,3
generated_photos_5f8973495bec830008399c2e.jpg,face,girls_black,girls,black,0.75,NA,0.168910095,-0.962067841,0.193811696,child,11,0,1,1,1,3
generated_photos_5f8974015bec83000839de25.png.jpg,face,boys_black,boys,black,0.681818182,NA,0.635734436,-1.959963985,0.197543852,child,11,1,1,1,0,3
generated_photos_5f8976a65bec8300083ad53f.png.jpg,face,girls_latino,girls,latino,0.095238095,NA,0.408457468,-1.040596107,1.249637713,non_child,15,0,3,0,0,3
generated_photos_5f8979935bec8300083bf038.png.jpg,face,boys_black,boys,black,0.45,NA,-0.390463139,-1.83102895,0.383771164,non_child,14,1,0,2,0,3
generated_photos_5f8979fb5bec8300083c15eb.jpg,face,boys_latino,boys,latino,0.166666667,NA,0.63018197,-2.036834132,0,non_child,16,0,0,1,0,1
generated_photos_5f897a935bec8300083c4cff.png.jpg,face,girls_black,girls,black,0.105263158,NA,0.427839846,-1.455014446,-0.036423217,non_child,16,1,1,1,0,3
generated_photos_5f897ae85bec8300083c6d27.png.jpg,face,girls_black,girls,black,0.541666667,NA,0.6477482,-0.525339497,1.314209585,non_child,14,0,1,2,0,3
generated_photos_5f897c545bec8300083cf520.png.jpg,face,boys_black,boys,black,0.722222222,NA,0.231811822,-1.401807692,0.65418824,non_child,15,0,0,2,1,3
generated_photos_5f897c615bec8300083cfa15.png.jpg,face,boys_black,boys,black,0.681818182,NA,-0.42990246,-2.037752071,-0.078203409,child,12,0,1,0,2,3
generated_photos_5f897d185bec8300083d3a20.png.jpg,face,boys_black,boys,black,0.764705882,NA,-0.134857346,-2.264177305,-0.059098274,child,10,1,0,1,0,2
generated_photos_5f897efe5bec8300083de4a2.png.jpg,face,boys_black,boys,black,0.652173913,NA,0.577800295,-1.548731953,0.448754838,child,12,0,0,2,0,2
generated_photos_5f8981325bec8300083ea601.png.jpg,face,boys_black,boys,black,0.272727273,NA,-0.37803721,-1.509698572,0.040933515,non_child,16,0,0,1,1,2
generated_photos_5f8981ea5bec8300083ee582.png.jpg,face,boys_black,boys,black,0.391304348,NA,0.241782558,-2.202078488,-0.91897944,non_child,15,0,1,1,0,2
number_100_generated_photos_5f896f9d5bec830008384739fixed.jpg,face,girls_black,girls,black,0.764705882,NA,1.280681273,0.48214805,1.931176183,child,10,0,3,3,0,6
number_103_photo-by-face-generator_649758a0541e9a000cac3602.jpg,face,girls_black,girls,black,0.818181818,NA,0.261625786,-1.483354479,-0.278764454,child,10,0,0,0,0,0
number_107_generated_photos_5e68054e6d3b380006d49dd5.jpg,face,girls_latino,girls,latino,0.913043478,NA,-0.564034936,-1.860552425,-0.363115064,child,11,0,1,1,0,2
number_109_generated_photos_5e680a146d3b380006d5b077.jpg,face,girls_latino,girls,latino,0.733333333,NA,-0.426214583,-1.727207754,-0.218351562,child,9,0,0,2,0,2
number_11_generated_photos_5f8970e05bec83000838bd80.jpg,face,boys_asian,boys,asian,0.884615385,NA,-0.330173958,-1.977411735,-0.366106357,child,11,0,0,0,0,0
number_111_generated_photos_5e68276e6d3b380006dc3b19.jpg_fixed.jpg,face,girls_latino,girls,latino,0.75,NA,0.476689625,-1.761634603,-0.32344139,child,12,0,1,2,0,3
number_113_generated_photos_5e687b106d3b380006eeefd9_fixed.jpg,face,girls_latino,girls,latino,0.56,NA,0.369008962,-1.125793482,0.150089237,child,11,0,1,3,0,4
number_114_generated_photos_5e687cb16d3b380006ef5173.jpg,face,girls_latino,girls,latino,0.958333333,NA,0.107101285,-1.276269066,0.085033952,child,11,0,2,0,0,2
number_117_generated_photos_5e685f536d3b380006e8a885.jpg,face,girls_latino,girls,latino,0.958333333,NA,0.27029832,-1.509698572,0.589455798,child,11,0,0,0,0,0
number_118_generated_photos_5e6818b56d3b380006d9110d_fixed1.jpg,face,girls_latino,girls,latino,0.952380952,NA,0.17174709,-1.854250868,0,child,10,0,2,2,0,4
number_12_generated_photos_5e6816b96d3b380006d89acf.jpg,face,boys_asian,boys,asian,0.913043478,NA,-0.098916448,-2.177503653,-0.488776411,child,11,0,0,0,0,0
number_125_generated_photos_5e6883f06d3b380006f0fa67.jpg_fixed.jpg,face,girls_white,girls,white,1,NA,0.508488059,-0.48214805,1.204327394,child,10,0,0,3,0,3
number_127_generated_photos_5e6883c36d3b380006f0f045.jpg_fixed.jpg,face,girls_white,girls,white,0.909090909,NA,0.440200896,-0.903625463,1.059810217,child,9,0,2,1,0,3
number_131_generated_photos_5e687c1a6d3b380006ef2e33.jpg,face,girls_white,girls,white,0.862068966,NA,0.081315133,-1.979253433,-0.497812227,child,12,0,0,0,0,0
number_133_generated_photos_5e6881906d3b380006f0708b.jpg,face,girls_white,girls,white,0.80952381,NA,0.42990246,-2.000423569,-0.862240623,child,12,0,1,1,0,2
number_142_649e525cb13064000961e6a3.jpg,face,boys_asian,boys,asian,0.647058824,NA,0.476689625,-2.217888941,-0.859630794,non_child,14,0,0,0,0,0
number_143_649e54b7b130640007614652.jpg,face,boys_asian,boys,asian,0.421052632,NA,0.483845078,-1.575096364,0.494504247,non_child,15,0,0,0,0,0
number_144_649e57b5b13064000961e718.jpg,face,boys_asian,boys,asian,0.529411765,NA,0.813968847,-1.317835156,0.904373868,non_child,16,1,0,0,0,1
number_145_generated_photos_5f181b181f67b000068064c6.jpg,face,boys_asian,boys,asian,0.230769231,NA,0.201424986,-1.030172562,0.492331697,non_child,17,0,0,0,0,0
number_146_649e5d10b1306400076146f6.jpg,face,boys_asian,boys,asian,0.375,NA,-0.145120941,-1.733739962,-0.106682764,non_child,16,0,0,0,0,0
number_148_649e6978b13064000d61be65.jpg,face,boys_asian,boys,asian,0.105263158,NA,-0.079917945,-1.961743564,0.139080046,non_child,17,0,1,1,0,2
number_15_generated_photos_5f182dba1f67b0000686018e.jpg,face,boys_black,boys,black,0.888888889,NA,-0.108606521,-1.41624136,0.881678479,non_child,14,0,0,0,0,0
number_150_generated_photos_5e682e536d3b380006ddb179.jpg,face,boys_black,boys,black,0.857142857,NA,0.298040068,-2.002752899,0.095507951,child,12,0,0,0,0,0
number_153_17_B_M_009.jpg,face,boys_black,boys,black,0.772727273,NA,0.121347091,-2.817218305,0,non_child,14,0,0,1,0,1
number_154_649eaf9eb13064000961f3c6.jpg,face,boys_black,boys,black,0.75,NA,0.18404072,-1.239241566,1.207898352,non_child,14,0,0,0,0,0
number_156_generated_photos_5f8973c45bec83000839c865.jpg,face,boys_black,boys,black,0.222222222,NA,-0.170649059,-1.904521279,-1.057174646,non_child,14,0,0,0,0,0
number_157_649eb65cb13064000961f4bc.jpg,face,boys_black,boys,black,0.352941176,NA,0.150089237,-1.765201989,0.566698978,non_child,16,0,0,0,0,0
number_158_649eecfcb13064000961ffc8.jpg,face,boys_black,boys,black,0.52173913,NA,0.769383577,-1.043789773,0.869423773,non_child,16,1,0,0,1,2
number_160_generated_photos_5e6849ac6d3b380006e3c4b7.jpg,face,boys_black,boys,black,0.3125,NA,0.506075005,-1.873751876,-0.209657003,non_child,15,0,1,0,0,1
number_161_649ee1d1b13064000d61d3ae.jpg,face,boys_black,boys,black,0.615384615,NA,-0.080633163,-1.261188522,0.644441704,non_child,16,0,1,0,0,1
number_163_generated_photos_5f1826d11f67b0000683f2aa.jpg,face,boys_black,boys,black,0.428571429,NA,0.044776177,-1.674749893,0.392273603,child,13,1,0,0,0,1
number_165_649ef994b130640007615e5d.jpg,face,boys_black,boys,black,0.76,NA,0.056972712,-1.795457257,0.14928683,non_child,15,0,0,1,0,1
number_166_generated_photos_5f8982f75bec8300083f4930.jpg,face,boys_black,boys,black,0.25,NA,-0.397612258,-1.383105358,-0.210781999,non_child,14,0,2,0,0,2
number_167_649efcdbb130640007615ec3.jpg,face,boys_latino,boys,latino,0.368421053,NA,0.264755028,-1.83102895,-0.182927814,non_child,16,0,0,1,0,1
number_168_generated_photos_5e68126e6d3b380006d79dc5.jpg,face,boys_latino,boys,latino,0.615384615,NA,0.017119547,-1.443426177,0.117148858,non_child,15,0,0,0,0,0
number_169_generated_photos_5e68646c6d3b380006e9cb29.jpg,face,boys_latino,boys,latino,0.695652174,NA,0.37409541,-1.171203561,0.709603291,non_child,14,0,1,0,0,1
number_17_generated_photos_5f8983d15bec8300083f9c2e.jpg,face,boys_black,boys,black,0.565217391,NA,0.055371667,-1.569498264,0.077785166,child,13,0,5,3,0,8
number_170_649f0785b13064000d61d938.jpg,face,boys_latino,boys,latino,0.166666667,NA,-0.57405603,-1.390805696,0.249034748,non_child,15,0,0,0,0,0
number_172_649f12b9b130640009620590.jpg,face,boys_latino,boys,latino,0.08,NA,0.149118573,-1.000908324,1.31396668,non_child,16,0,0,0,0,0
number_173_64a58706b13064000962c604.jpg,face,boys_latino,boys,latino,0.25,NA,-0.243404178,-1.562687675,0.406318141,non_child,16,1,0,0,0,1
number_174_64a5883fb13064000962c64f.jpg,face,boys_latino,boys,latino,0.083333333,NA,-0.153596939,-1.795457257,-0.338624276,non_child,16,0,0,0,1,1
number_175_generated_photos_5e683c446d3b380006e0bc2f.jpg.png,face,boys_latino,boys,latino,0.166666667,NA,0.170118641,-1.390805696,1.415442926,non_child,15,0,1,0,0,1
number_176_64a5918eb13064000d629cd7.jpg,face,boys_latino,boys,latino,0.555555556,NA,-0.055371667,-1.666433397,-0.113915991,non_child,14,0,0,0,1,1
number_177_64a594ebb13064000962c916.jpg,face,boys_latino,boys,latino,0.375,NA,-0.506075005,-2.12457476,-0.464061356,non_child,15,0,1,0,0,1
number_178_64a59670b13064000d629d99.jpg,face,boys_latino,boys,latino,0.466666667,NA,0.033204211,-1.779063167,-0.446977592,non_child,15,0,0,0,0,0
number_18_generated_photos_5f897b015bec8300083c764e.jpg,face,boys_black,boys,black,0.724137931,NA,-0.392383345,-1.727035741,-0.69378391,child,13,0,1,0,1,2
number_180_64a59961b130640007621cba.jpg,face,boys_white,boys,white,0.052631579,NA,0.098916448,-1.046372746,0.429219231,non_child,16,0,0,0,0,0
number_184_64a59e68b1306451705972ee.jpg,face,boys_white,boys,white,0.833333333,NA,-0.109994674,-2.000689996,-0.331465727,non_child,14,0,1,1,0,2
number_186_64a5a1bab130640007621ded.jpg,face,boys_white,boys,white,0.470588235,NA,-0.202034735,-2.409239328,-1.414969509,non_child,15,0,1,0,1,2
number_187_64a5a4afb13064000d62a050.jpg,face,boys_white,boys,white,0.227272727,NA,0.562962672,-1.154312207,0.183384142,non_child,16,0,1,0,0,1
number_190_64a6e984b130640007624d15.jpg,face,boys_asian,boys,asian,0.142857143,NA,0.412787484,-1.504940672,0.604930412,non_child,17,0,0,0,0,0
number_191_generated_photos_5f897cbe5bec8300083d1aac.jpg_fixed.jpg_fixed.jpg,face,girls_asian,girls,asian,0.35,NA,0.694483835,-1.191600848,0.967421566,non_child,15,0,2,1,0,3
number_193_generated_photos_5f1822561f67b00006829527_fixed.jpg,face,girls_asian,girls,asian,0.166666667,NA,-0.659740641,-1.287218387,-0.189469501,non_child,18,0,2,2,0,4
number_194_generated_photos_5f18153a1f67b000067e82f4_fixed.jpg,face,girls_asian,girls,asian,0.045454545,NA,1.548731953,1.439531471,1.559179584,non_child,20,0,2,5,0,7
number_195_generated_photos_5f897dd45bec8300083d7c4a_fixed.jpg,face,girls_asian,girls,asian,0.043478261,NA,0.81906992,-0.024997832,0.656713365,non_child,24,1,2,3,0,6
number_196_generated_photos_5f1836711f67b00006887c7a.jpg_fixed.jpg,face,girls_asian,girls,asian,0.045454545,NA,0.17190726,-0.395711876,0.508588832,non_child,18,0,2,1,0,3
number_197_generated_photos_5e684b736d3b380006e42b47.jpg,face,girls_asian,girls,asian,0.090909091,NA,1.206159239,-0.975137942,1.289630855,non_child,18,0,1,0,0,1
number_198_generated_photos_5f1805461f67b00006791aba_fixed.jpg,face,girls_asian,girls,asian,0,NA,1.19312952,0.479624336,1.026734458,non_child,22,0,3,2,0,5
number_2_generated_photos_5f182a0c1f67b0000684ebfe.jpg,face,boys_asian,boys,asian,0.739130435,NA,0.082052159,-1.276269066,0.784243024,child,12,0,0,0,0,0
number_20_generated_photos_5f896f505bec830008382a98.jpg,face,boys_black,boys,black,0.8,NA,0.348674806,-0.878553059,0.372300694,child,13,1,0,1,0,2
number_200_generated_photos_5e686b376d3b380006eb59b7.jpg_fixed.jpg,face,girls_asian,girls,asian,0.375,NA,1.399927706,-0.906277414,1.030074742,non_child,17,0,3,1,0,4
number_201_generated_photos_5f1811ff1f67b000067d69bf.jpg_fixed.jpg,face,girls_asian,girls,asian,0,NA,0.772569015,-0.52650264,0.72257545,non_child,17,0,2,2,0,4
number_202_generated_photos_5e685cf26d3b380006e81d73.jpg_fixed.jpg,face,girls_asian,girls,asian,0.111111111,NA,0.61029461,-0.319239306,0.727913291,non_child,17,2,2,3,0,7
number_203_generated_photos_5f1811f71f67b000067d6728_fixed.jpg,face,girls_asian,girls,asian,0.105263158,NA,0.513450991,-0.234039274,0.925425544,non_child,17,0,3,1,0,4
number_21_generated_photos_5f8976825bec8300083ac7dd.jpg,face,boys_black,boys,black,0.894736842,NA,0.706960608,-0.838035847,0.725590581,child,10,0,0,0,1,1
number_217_generated_photos_5f8970705bec8300083893e6.jpg,face,girls_black,girls,black,0.117647059,NA,0.883431429,-1.290747735,1.061331423,non_child,16,0,0,1,0,1
number_219_generated_photos_5f8971e75bec830008391d3e_fixed.jpg,face,girls_black,girls,black,0.304347826,NA,0.742124223,0.180827533,0.751107168,non_child,14,0,3,3,0,6
number_22_generated_photos_5e68362f6d3b380006df6721.jpg,face,boys_black,boys,black,0.761904762,NA,0.529849749,-1.58974444,0.601315209,child,13,0,2,0,0,2
number_220_generated_photos_5e68148e6d3b380006d81a7b.jpg,face,girls_black,girls,black,0.318181818,NA,0.298040068,-1.080447963,0.517974477,non_child,14,0,0,0,0,0
number_221_generated_photos_5f8977435bec8300083b10102_fixed.jpg,face,girls_black,girls,black,0.105263158,NA,0.513450991,-0.673485106,0.644323797,non_child,21,0,2,3,0,5
number_223_generated_photos_5f896bc15bec83000836ce44_fixed.jpg,face,girls_black,girls,black,0.285714286,NA,0.786009926,-0.052098977,1.384530728,non_child,14,0,1,2,2,5
number_224_generated_photos_5e686ec96d3b380006ec27f7_fixed.jpg,face,girls_black,girls,black,0.444444444,NA,-0.403835802,-1.546553728,-0.029618939,non_child,15,0,1,2,0,3
number_226_generated_photos_5f897cdc5bec8300083d2526_fixed.jpg,face,girls_black,girls,black,0,NA,0.594085433,-0.153596939,1.101817967,non_child,17,0,2,2,0,4
number_227_generated_photos_5f8982ac5bec8300083f2ca4.jpg,face,girls_black,girls,black,0,NA,0.409628857,-0.646983813,0.725590581,non_child,16,0,0,2,0,2
number_229_generated_photos_5e6818e86d3b380006d91b91_fixed.jpg,face,girls_black,girls,black,0.090909091,NA,0.440200896,-0.907183893,0.858109587,non_child,15,0,0,2,1,3
number_23_generated_photos_5f8974c05bec8300083a230a.jpg,face,boys_black,boys,black,0.894736842,NA,0.225486788,-1.058627396,0.039684774,child,13,0,0,0,1,1
number_230_generated_photos_5e6805336d3b380006d497cf_fixed.jpg,face,girks_black,girls,black,0.470588235,NA,1.290747735,0.202034735,1.855783248,non_child,15,0,3,2,0,5
number_231_generated_photos_5f8982895bec8300083f1f87.jpg_fixed.jpg,face,girls_black,girls,black,0.238095238,NA,0.169161242,-1.377404888,-0.296501741,non_child,14,0,4,2,2,8
number_232_generated_photos_5e680be16d3b380006d61a23.jpg,face,girls_black,girls,black,0.166666667,NA,0.60892178,-0.170118641,1.475771886,non_child,17,0,2,2,0,4
number_235_generated_photos_5f896cc45bec8300083732852.jpg,face,girls_black,girls,black,0.111111111,NA,-0.089440906,-0.7612004,0.538575941,non_child,20,1,0,3,0,4
number_237_generated_photos_5e011e9f7b1b30000707e98f.jpg_fixed.jpg,face,girls_black,girls,black,0.055555556,NA,0.289623537,-0.531141102,0.70999123,non_child,16,0,2,2,0,4
number_238_generated_photos_5e6807736d3b380006d515eb.jpg,face,girls_black,girls,black,0.142857143,NA,-0.141927075,-1.875217115,0.437316982,non_child,15,0,0,1,0,1
number_24_generated_photos_5e6881196d3b380006f05583.jpg,face,boys_black,boys,black,0.875,NA,0.287854988,-1.90739464,-0.494632445,child,9,0,1,0,0,1
number_243_generated_photos_5e685af96d3b380006e7abc12.jpg,face,girls_latino,girls,latino,0.454545455,NA,-0.298040068,-1.171690321,0.280687011,non_child,14,0,0,0,0,0
number_245_generated_photos_5f896dae5bec830008378d78.jpg,face,girls_latino,girls,latino,0.125,NA,0.134857346,-1.287218387,-0.073368845,non_child,17,0,1,1,0,2
number_246_generated_photos_5e6847d46d3b380006e357af_2_2222.jpg,face,girls_latino,girls,latino,0.260869565,NA,0.34240209,-1.293870811,0.125748046,non_child,15,0,2,0,0,2
number_247_generated_photos_5f1822e21f67b0000682bfff2.jpg_fixed.jpg,face,girls_latino,girls,latino,0.222222222,NA,0.541664061,-1.676334556,0.020579194,non_child,15,0,1,2,0,3
number_248_generated_photos_5e6852e96d3b380006e5d965_2.jpg,face,girls_latino,girls,latino,0.25,NA,0.037005589,-2.17796229,-0.747858595,non_child,16,0,2,0,0,2
number_25_generated_photos_5f181a5d1f67b00006802e0c.jpg,face,boys_black,boys,black,0.761904762,NA,-0.141927075,-2.269561752,-0.497687155,child,12,0,1,0,0,1
number_252_generated_photos_5f8983a95bec8300083f8cd4.jpg,face,girls_latino,girls,latino,0.055555556,NA,0.002847149,-2.089043487,-0.305164954,non_child,17,0,1,1,0,2
number_253_generated_photos_5e68581c6d3b380006e7080b_fixed.jpg,face,girls_latino,girls,latino,0,NA,0.033855883,-1.351508207,-0.457115225,non_child,16,0,2,3,0,5
number_255_generated_photos_5e011d717b1b300007061ed3.jpg,face,girls_latino,girls,latino,0,NA,0.512402503,-0.318639364,0.842410564,non_child,17,0,0,2,0,2
number_258_generated_photos_5e6879e16d3b380006eea955.jpg,face,girls_latino,girls,latino,0.36,NA,0.243404178,-2.337935444,0.069011823,non_child,14,0,1,0,0,1
number_26_generated_photos_5e681cd86d3b380006d9f0c9.jpg,face,boys_black,boys,black,0.928571429,NA,-0.614089108,-1.862731867,-0.869829541,child,12,0,0,0,2,2
number_260_generated_photos_5e68129b6d3b380006d7a7ff.jpg_fixed.jpg,face,girls_latino,girls,latino,0.083333333,NA,0.224657891,-0.629469573,0.252672638,non_child,16,0,2,4,0,6
number_261_generated_photos_5e686dcb6d3b380006ebeed3_fixed.jpg,face,girls_latino,girls,latino,0.588235294,NA,1.150004261,0.202034735,1.312986523,non_child,12,0,2,2,0,4
number_266_generated_photos_5e685be66d3b380006e7e0b7.jpg,face,girls_white,girls,white,0.222222222,NA,0.742607462,-0.354479071,0.733537673,non_child,14,0,0,0,0,0
number_268_generated_photos_5e6809926d3b380006d59233.jpg,face,girls_white,girls,white,0.1875,NA,0.343242598,-1.077329701,0.165841178,non_child,15,0,1,1,0,2
number_27_generated_photos_5f18045a1f67b0000678ccb7.jpg,face,boys_black,boys,black,0.68,NA,-0.248036869,-2.337935444,-0.097402812,child,12,0,1,0,0,1
number_273_generated_photos_5e6876026d3b380006edc61f.jpg,face,girls_white,girls,white,0.44,NA,0.643409373,-1.991207173,0,non_child,14,0,1,1,0,2
number_274_generated_photos_5e683aca6d3b380006e068491.jpg,face,girls_white,girls,white,0.8,NA,0.38550004,-0.857191673,0.679098149,child,12,0,1,1,0,2
number_275_generated_photos_5e68013e6d3b380006d3afaf.jpg,face,girls_white,girls,white,0.466666667,NA,0.010323636,-1.009990169,0.140566396,child,12,0,0,2,0,2
number_276_generated_photos_5e684eda6d3b380006e4ee9f.jpg,face,girls_white,girls,white,0.142857143,NA,0.325453481,-0.776089679,0.283670493,non_child,16,0,1,0,1,2
number_278_generated_photos_5e6888936d3b380006f209eb.jpg,face,girls_white,girls,white,0,NA,0.934589291,0.079917945,0.860226143,non_child,16,0,1,0,0,1
number_28_generated_photos_5f18111c1f67b000067d1d7b.jpg,face,boys_black,boys,black,0.952380952,NA,0.168942928,-1.080447963,1.593218818,child,11,0,2,0,0,2
number_29_generated_photos_5f1824031f67b000068317b6.jpg,face,boys_black,boys,black,0.454545455,NA,0.637816059,-1.548731953,0,child,13,0,2,0,0,2
number_3_generated_photos_5f181f9a1f67b0000681bbf2.jpg,face,boys_asian,boys,asian,0.875,NA,-0.52650264,-2.032296896,0.495847568,child,10,0,0,2,0,2
number_33_generated_photos_5e682ad86d3b380006dcf5d3.jpg,face,boys_black,boys,black,0.826086957,NA,0.024997832,-1.205273911,1.408459197,child,11,0,0,0,0,0
number_34_generated_photos_5e6843066d3b380006e242c3.jpg,face,boys_black,boys,black,0.894736842,NA,-0.255340313,-1.687256752,-0.085033952,child,10,0,0,2,0,2
number_35_generated_photos_5f1826421f67b0000683c67f.jpg,face,boys_black,boys,black,0.894736842,NA,0.046312523,-2.472848391,-0.068886752,child,11,0,1,0,1,2
number_37_generated_photos_5f182eb21f67b00006864a45.jpg,face,boys_black,boys,black,0.631578947,NA,-0.143886672,-1.575096364,-0.421292285,child,13,0,1,1,0,2
number_38_generated_photos_5f1813f01f67b000067e14cc.jpg,face,boys_black,boys,black,0.9,NA,0.141927075,-1.489470042,0.65418824,child,13,0,0,0,0,0
number_39_generated_photos_5e687bf36d3b380006ef24b9.jpg,face,boys_latino,boys,latino,0.909090909,NA,0.17174709,-2.005255609,0.185713339,child,12,0,0,0,0,0
number_4_generated_photos_5e6828166d3b380006dc5fe7.jpg,face,boys_asian,boys,asian,0.947368421,NA,-0.101839294,-1.32327116,0.230958136,child,10,0,0,0,0,0
number_40_generated_photos_5e686daf6d3b380006ebe88d.jpg,face,boys_latino,boys,latino,0.807692308,NA,0.625509376,-1.600227044,0.625948868,child,11,0,1,0,0,1
number_41_generated_photos_5f8973905bec83000839b59c.jpg,face,boys_latino,boys,latino,0.916666667,NA,0.107101285,-1.90096399,0,child,12,1,0,1,0,2
number_42_generated_photos_5e682bf86d3b380006dd3009.jpg,face,boys_latino,boys,latino,0.733333333,NA,-0.249332486,-2.861777327,-1.166221117,child,11,1,0,0,0,1
number_43_generated_photos_5e68677a6d3b380006ea7fad.jpg,face,boys_latino,boys,latino,0.882352941,NA,-0.210428394,-1.435809759,0.204135331,child,12,0,1,0,0,1
number_44_generated_photos_5e6821c56d3b380006db014f.jpg,face,boys_latino,boys,latino,0.904761905,NA,0.030779606,-2.390735719,-0.197543852,child,10,0,0,0,0,0
number_45_generated_photos_5e68482c6d3b380006e36bf9.jpg,face,boys_latino,boys,latino,0.904761905,NA,0.569929889,-1.691943042,0.337509298,child,10,0,0,0,0,0
number_46_generated_photos_5e687dcd6d3b380006ef93e3.jpg,face,boys_latino,boys,latino,0.95,NA,0.734638933,-1.322695062,0.155436349,child,11,0,0,0,0,0
number_47_generated_photos_5f8978d85bec8300083bac73.jpg,face,boys_latino,boys,latino,0.869565217,NA,-0.646214545,-2.410708197,-0.859630794,child,10,0,1,1,0,2
number_48_generated_photos_5e6831df6d3b380006de792b.jpg,face,boys_latino,boys,latino,0.944444444,NA,-0.263705155,-1.956041316,0.692095768,child,10,0,0,1,0,1
number_49_generated_photos_5e683d3c6d3b380006e0f421.jpg,face,boys_latino,boys,latino,0.666666667,NA,-0.409983322,-2.28110865,-1.093082913,child,13,0,1,1,0,2
number_51_generated_photos_5e6842a56d3b380006e22d07.jpg,face,boys_white,boys,white,0.95,NA,-0.208391216,-1.504940672,-0.368155665,child,10,0,0,1,0,1
number_52_generated_photos_5e6837e76d3b380006dfc683.jpg,face,boys_white,boys,white,0.9,NA,-0.651023716,-2.28110865,-1.036433389,child,10,0,0,1,0,1
number_53_648f0fd6b1306400095fea5e.jpg,face,boys_white,boys,white,0.947368421,NA,0.483845078,-1.575096364,0.548050065,child,10,0,0,0,0,0
number_59_648f1828b1306400095feb38.jpg,face,boys_white,boys,white,0.95,NA,0.769777795,-1.248429648,0.672021476,child,11,0,0,0,0,0
number_6_generated_photos_5e686ef66d3b380006ec3235.jpg,face,boys_asian,boys,asian,1,NA,-0.474599918,-2.433555452,-0.362746046,child,10,0,0,0,1,1
number_61_648f1a10b1306400075f5f44.jpg,face,boys_white,boys,white,0.833333333,NA,0.289623537,-1.953907359,0.05311771,child,11,0,1,0,0,1
number_62_648f1bfdb1306400075f5f77.jpg,face,boys_white,boys,white,0.869565217,NA,0.107101285,-1.383105358,-0.059348646,child,12,0,1,0,0,1
number_64_648f221eb13064000d5fcd9e.jpg,face,girls_asian,girls,asian,0.909090909,NA,0.637816059,-1.509698572,0.729835874,child,8,0,0,2,0,2
number_65_generated_photos_5e6876586d3b380006edd923.jpg,face,girls_asian,girls,asian,0.764705882,NA,0.408054339,-1.151833465,0.114322142,child,9,0,0,2,0,2
number_66_648f3027b1306400095feddf.jpg,face,girls_asian,girls,asian,0.619047619,NA,-1.008014028,-1.408234118,0.10157614,child,9,0,1,1,0,2
number_67_648f31a8b130645170574d90.jpg,face,girls_asian,girls,asian,0.833333333,NA,0.458969432,-1.017018862,0.887146559,child,9,0,0,1,0,1
number_7_generated_photos_5e682d136d3b380006dd6bf7.jpg,face,boys_asian,boys,asian,0.9,NA,-0.261625786,-2.616846327,-0.940025788,child,11,0,0,0,0,0
number_8_generated_photos_5e681f0a6d3b380006da696d.jpg,face,boys_asian,boys,asian,0.857142857,NA,0.278611942,-2.152554,-0.513570354,child,12,0,0,0,0,0
number_83_generated_photos_5e686dbc6d3b380006ebeb6f_fixed.jpg,face,girls_black,girls,black,0.904761905,NA,1.139168656,-0.66894766,1.35085431,child,11,1,1,3,0,5
number_86_generated_photos_5f8982765bec8300083f1849.jpg_fixed.jpg,face,girls_black,girls,black,0.636363636,NA,0.234039274,-1.988909588,-0.05311771,child,10,0,3,2,1,6
number_92_generated_photos_5e6866a46d3b380006ea4e27.jpg,face,girls_black,girls,black,0.818181818,NA,0.255340313,-1.370072296,-0.059348646,child,11,0,1,0,0,1
number_95_15_B_F_004.jpg,face,girls_asian,girls,black,0.857142857,NA,-0.66894766,-1.854250868,-0.307239651,child,11,0,0,1,0,1
number_96_generated_photos_5e6824606d3b380006db9319_fixed.jpg,face,girls_black,girls,black,0.952380952,NA,1.139168656,0.580484487,2.02619199,child,9,0,1,3,0,4
number_98_generated_photos_5e6872876d3b380006ecfe9d.jpg,face,girls_black,girls,black,0.714285714,NA,0.423106031,-1.066534885,0.910772043,child,11,0,0,2,0,2
number_99_generated_photos_5f896ee85bec8300083803ef_fixed.jpg,face,girls_black,girls,black,0.8,NA,0.825494491,-0.077297002,1.204018312,child,11,1,0,4,1,6